,gospodarz,gosc,daty,daty_fac,predykcja
1,DetroitPistons,DetroitPistons,747,380,241.625749089354
2,ClevelandCavaliers,DetroitPistons,747,380,210.329988406252
3,NewOrleansPelicans,DetroitPistons,747,380,211.171055553688
4,WashingtonWizards,DetroitPistons,747,380,217.048071184612
5,PhiladelphiaErs,DetroitPistons,747,380,234.256780764466
6,ChicagoBulls,DetroitPistons,747,380,227.218342207013
7,UtahJazz,DetroitPistons,747,380,193.983874952608
8,CharlotteHornets,DetroitPistons,747,380,200.793056916657
9,IndianaPacers,DetroitPistons,747,380,205.247441685982
10,DenverNuggets,DetroitPistons,747,380,210.449466616117
11,NewYorkKnicks,DetroitPistons,747,380,210.369640274705
12,SanAntonioSpurs,DetroitPistons,747,380,187.173021565907
13,DallasMavericks,DetroitPistons,747,380,195.882026776216
14,LosAngelesClippers,DetroitPistons,747,380,197.069469928614
15,MinnesotaTimberwolves,DetroitPistons,747,380,202.21863679658
16,MemphisGrizzlies,DetroitPistons,747,380,204.938259721936
17,AtlantaHawks,DetroitPistons,747,380,211.634975794537
18,BrooklynNets,DetroitPistons,747,380,201.933933870521
19,GoldenStateWarriors,DetroitPistons,747,380,225.102108645933
20,LosAngelesLakers,DetroitPistons,747,380,200.715426267823
21,PortlandTrailBlazers,DetroitPistons,747,380,243.587689141219
22,MiamiHeat,DetroitPistons,747,380,208.088377557762
23,OklahomaCityThunder,DetroitPistons,747,380,199.762286015034
24,TorontoRaptors,DetroitPistons,747,380,213.338836502124
25,PhoenixSuns,DetroitPistons,747,380,207.538731065241
26,SacramentoKings,DetroitPistons,747,380,201.051314792507
27,HoustonRockets,DetroitPistons,747,380,236.409160242966
28,MilwaukeeBucks,DetroitPistons,747,380,205.200155032657
29,OrlandoMagic,DetroitPistons,747,380,217.005110382703
30,BostonCeltics,DetroitPistons,747,380,218.868460042843
31,DetroitPistons,ClevelandCavaliers,747,380,210.145232761753
32,ClevelandCavaliers,ClevelandCavaliers,747,380,277.309941809859
33,NewOrleansPelicans,ClevelandCavaliers,747,380,235.599028351946
34,WashingtonWizards,ClevelandCavaliers,747,380,240.483128242684
35,PhiladelphiaErs,ClevelandCavaliers,747,380,210.265923449905
36,ChicagoBulls,ClevelandCavaliers,747,380,208.664763690049
37,UtahJazz,ClevelandCavaliers,747,380,192.149230944462
38,CharlotteHornets,ClevelandCavaliers,747,380,215.708412908511
39,IndianaPacers,ClevelandCavaliers,747,380,228.033750917309
40,DenverNuggets,ClevelandCavaliers,747,380,216.185605293175
41,NewYorkKnicks,ClevelandCavaliers,747,380,209.332085694129
42,SanAntonioSpurs,ClevelandCavaliers,747,380,192.032833028585
43,DallasMavericks,ClevelandCavaliers,747,380,215.641366895588
44,LosAngelesClippers,ClevelandCavaliers,747,380,201.16908954147
45,MinnesotaTimberwolves,ClevelandCavaliers,747,380,230.874751906474
46,MemphisGrizzlies,ClevelandCavaliers,747,380,187.849584451944
47,AtlantaHawks,ClevelandCavaliers,747,380,249.812424531053
48,BrooklynNets,ClevelandCavaliers,747,380,208.526246575386
49,GoldenStateWarriors,ClevelandCavaliers,747,380,201.687571305393
50,LosAngelesLakers,ClevelandCavaliers,747,380,242.683639280955
51,PortlandTrailBlazers,ClevelandCavaliers,747,380,191.716670784361
52,MiamiHeat,ClevelandCavaliers,747,380,222.224634070647
53,OklahomaCityThunder,ClevelandCavaliers,747,380,223.591031986524
54,TorontoRaptors,ClevelandCavaliers,747,380,210.261303008925
55,PhoenixSuns,ClevelandCavaliers,747,380,224.223945654104
56,SacramentoKings,ClevelandCavaliers,747,380,236.163780683947
57,HoustonRockets,ClevelandCavaliers,747,380,213.437670542803
58,MilwaukeeBucks,ClevelandCavaliers,747,380,217.057725116499
59,OrlandoMagic,ClevelandCavaliers,747,380,213.860398560033
60,BostonCeltics,ClevelandCavaliers,747,380,196.698647964804
61,DetroitPistons,NewOrleansPelicans,747,380,223.149230944464
62,ClevelandCavaliers,NewOrleansPelicans,747,380,184.476600082866
63,NewOrleansPelicans,NewOrleansPelicans,747,380,242.809193018156
64,WashingtonWizards,NewOrleansPelicans,747,380,203.61285659575
65,PhiladelphiaErs,NewOrleansPelicans,747,380,207.14195607472
66,ChicagoBulls,NewOrleansPelicans,747,380,199.569928872976
67,UtahJazz,NewOrleansPelicans,747,380,198.135664211086
68,CharlotteHornets,NewOrleansPelicans,747,380,247.249113108636
69,IndianaPacers,NewOrleansPelicans,747,380,203.712804918197
70,DenverNuggets,NewOrleansPelicans,747,380,234.876784076968
71,NewYorkKnicks,NewOrleansPelicans,747,380,201.52949018328
72,SanAntonioSpurs,NewOrleansPelicans,747,380,204.335723129
73,DallasMavericks,NewOrleansPelicans,747,380,196.321743970232
74,LosAngelesClippers,NewOrleansPelicans,747,380,229.699433536978
75,MinnesotaTimberwolves,NewOrleansPelicans,747,380,240.255470089654
76,MemphisGrizzlies,NewOrleansPelicans,747,380,203.05984865951
77,AtlantaHawks,NewOrleansPelicans,747,380,212.907783409879
78,BrooklynNets,NewOrleansPelicans,747,380,202.489183810131
79,GoldenStateWarriors,NewOrleansPelicans,747,380,228.067535954645
80,LosAngelesLakers,NewOrleansPelicans,747,380,209.962149580792
81,PortlandTrailBlazers,NewOrleansPelicans,747,380,212.707194230746
82,MiamiHeat,NewOrleansPelicans,747,380,213.765628860338
83,OklahomaCityThunder,NewOrleansPelicans,747,380,219.654834391552
84,TorontoRaptors,NewOrleansPelicans,747,380,216.603878265108
85,PhoenixSuns,NewOrleansPelicans,747,380,228.101255874594
86,SacramentoKings,NewOrleansPelicans,747,380,217.027839232643
87,HoustonRockets,NewOrleansPelicans,747,380,219.392939080828
88,MilwaukeeBucks,NewOrleansPelicans,747,380,213.607547738226
89,OrlandoMagic,NewOrleansPelicans,747,380,189.609513750446
90,BostonCeltics,NewOrleansPelicans,747,380,219.503733549618
91,DetroitPistons,WashingtonWizards,747,380,215.10558172601
92,ClevelandCavaliers,WashingtonWizards,747,380,212.575564358316
93,NewOrleansPelicans,WashingtonWizards,747,380,213.694846175134
94,WashingtonWizards,WashingtonWizards,747,380,237.056919800932
95,PhiladelphiaErs,WashingtonWizards,747,380,214.98652938137
96,ChicagoBulls,WashingtonWizards,747,380,215.234857958716
97,UtahJazz,WashingtonWizards,747,380,201.089065974306
98,CharlotteHornets,WashingtonWizards,747,380,206.64293908083
99,IndianaPacers,WashingtonWizards,747,380,220.463623569511
100,DenverNuggets,WashingtonWizards,747,380,225.929740335656
101,NewYorkKnicks,WashingtonWizards,747,380,222.621049354217
102,SanAntonioSpurs,WashingtonWizards,747,380,218.080414271476
103,DallasMavericks,WashingtonWizards,747,380,228.876717918692
104,LosAngelesClippers,WashingtonWizards,747,380,245.936293709716
105,MinnesotaTimberwolves,WashingtonWizards,747,380,218.785487457347
106,MemphisGrizzlies,WashingtonWizards,747,380,218.835034712458
107,AtlantaHawks,WashingtonWizards,747,380,217.284195684898
108,BrooklynNets,WashingtonWizards,747,380,230.110202166989
109,GoldenStateWarriors,WashingtonWizards,747,380,233.039977663558
110,LosAngelesLakers,WashingtonWizards,747,380,209.750293548678
111,PortlandTrailBlazers,WashingtonWizards,747,380,243.256387978378
112,MiamiHeat,WashingtonWizards,747,380,219.360202166989
113,OklahomaCityThunder,WashingtonWizards,747,380,233.753045133073
114,TorontoRaptors,WashingtonWizards,747,380,201.827170663583
115,PhoenixSuns,WashingtonWizards,747,380,237.610890583532
116,SacramentoKings,WashingtonWizards,747,380,229.470309260121
117,HoustonRockets,WashingtonWizards,747,380,225.527524171061
118,MilwaukeeBucks,WashingtonWizards,747,380,219.583068700238
119,OrlandoMagic,WashingtonWizards,747,380,192.295022928873
120,BostonCeltics,WashingtonWizards,747,380,221.575695842154
121,DetroitPistons,PhiladelphiaErs,747,380,200.978370118397
122,ClevelandCavaliers,PhiladelphiaErs,747,380,218.364789528834
123,NewOrleansPelicans,PhiladelphiaErs,747,380,218.063898519773
124,WashingtonWizards,PhiladelphiaErs,747,380,221.051708619484
125,PhiladelphiaErs,PhiladelphiaErs,747,380,242.140220479805
126,ChicagoBulls,PhiladelphiaErs,747,380,227.536470463455
127,UtahJazz,PhiladelphiaErs,747,380,194.888712466825
128,CharlotteHornets,PhiladelphiaErs,747,380,206.629372347455
129,IndianaPacers,PhiladelphiaErs,747,380,207.153229127173
130,DenverNuggets,PhiladelphiaErs,747,380,233.163780683949
131,NewYorkKnicks,PhiladelphiaErs,747,380,222.725617076756
132,SanAntonioSpurs,PhiladelphiaErs,747,380,188.862168179207
133,DallasMavericks,PhiladelphiaErs,747,380,225.172235993732
134,LosAngelesClippers,PhiladelphiaErs,747,380,227.236529381369
135,MinnesotaTimberwolves,PhiladelphiaErs,747,380,203.356859321684
136,MemphisGrizzlies,PhiladelphiaErs,747,380,189.174987578127
137,AtlantaHawks,PhiladelphiaErs,747,380,222.914665493534
138,BrooklynNets,PhiladelphiaErs,747,380,217.468342207014
139,GoldenStateWarriors,PhiladelphiaErs,747,380,231.069077142527
140,LosAngelesLakers,PhiladelphiaErs,747,380,212.23652938137
141,PortlandTrailBlazers,PhiladelphiaErs,747,380,223.639990062501
142,MiamiHeat,PhiladelphiaErs,747,380,216.320190383406
143,OklahomaCityThunder,PhiladelphiaErs,747,380,210.020249301319
144,TorontoRaptors,PhiladelphiaErs,747,380,215.253242358828
145,PhoenixSuns,PhiladelphiaErs,747,380,234.354893309465
146,SacramentoKings,PhiladelphiaErs,747,380,216.217195886997
147,HoustonRockets,PhiladelphiaErs,747,380,223.629438505727
148,MilwaukeeBucks,PhiladelphiaErs,747,380,215.097618439722
149,OrlandoMagic,PhiladelphiaErs,747,380,224.790107898328
150,BostonCeltics,PhiladelphiaErs,747,380,210.18491687663
151,DetroitPistons,ChicagoBulls,747,380,207.524869742302
152,ClevelandCavaliers,ChicagoBulls,747,380,210.879431889901
153,NewOrleansPelicans,ChicagoBulls,747,380,237.848995272809
154,WashingtonWizards,ChicagoBulls,747,380,216.253766628752
155,PhiladelphiaErs,ChicagoBulls,747,380,209.93029643565
156,ChicagoBulls,ChicagoBulls,747,380,233.308781217297
157,UtahJazz,ChicagoBulls,747,380,188.847618439722
158,CharlotteHornets,ChicagoBulls,747,380,220.096635433614
159,IndianaPacers,ChicagoBulls,747,380,209.017594872557
160,DenverNuggets,ChicagoBulls,747,380,228.282144612044
161,NewYorkKnicks,ChicagoBulls,747,380,202.112856595751
162,SanAntonioSpurs,ChicagoBulls,747,380,223.2013354727
163,DallasMavericks,ChicagoBulls,747,380,216.500390704311
164,LosAngelesClippers,ChicagoBulls,747,380,212.34034356998
165,MinnesotaTimberwolves,ChicagoBulls,747,380,218.178330423431
166,MemphisGrizzlies,ChicagoBulls,747,380,212.45280946142
167,AtlantaHawks,ChicagoBulls,747,380,215.386647217196
168,BrooklynNets,ChicagoBulls,747,380,217.837066882946
169,GoldenStateWarriors,ChicagoBulls,747,380,214.7748697423
170,LosAngelesLakers,ChicagoBulls,747,380,223.854893309465
171,PortlandTrailBlazers,ChicagoBulls,747,380,198.864134191426
172,MiamiHeat,ChicagoBulls,747,380,212.00805940103
173,OklahomaCityThunder,ChicagoBulls,747,380,221.571173389515
174,TorontoRaptors,ChicagoBulls,747,380,231.71623913602
175,PhoenixSuns,ChicagoBulls,747,380,213.2748697423
176,SacramentoKings,ChicagoBulls,747,380,220.743804251112
177,HoustonRockets,ChicagoBulls,747,380,226.850961285027
178,MilwaukeeBucks,ChicagoBulls,747,380,210.373768900363
179,OrlandoMagic,ChicagoBulls,747,380,197.138967985961
180,BostonCeltics,ChicagoBulls,747,380,208.836917448421
181,DetroitPistons,UtahJazz,747,380,186.687571305392
182,ClevelandCavaliers,UtahJazz,747,380,210.085723129001
183,NewOrleansPelicans,UtahJazz,747,380,213.11128336962
184,WashingtonWizards,UtahJazz,747,380,199.489183810131
185,PhiladelphiaErs,UtahJazz,747,380,189.604204892922
186,ChicagoBulls,UtahJazz,747,380,185.125440323015
187,UtahJazz,UtahJazz,747,380,195.130664119904
188,CharlotteHornets,UtahJazz,747,380,230.007665574054
189,IndianaPacers,UtahJazz,747,380,197.129372347454
190,DenverNuggets,UtahJazz,747,380,196.158471826425
191,NewYorkKnicks,UtahJazz,747,380,233.514940443796
192,SanAntonioSpurs,UtahJazz,747,380,214.433933870521
193,DallasMavericks,UtahJazz,747,380,224.795711345418
194,LosAngelesClippers,UtahJazz,747,380,192.683885813149
195,MinnesotaTimberwolves,UtahJazz,747,380,195.503497877963
196,MemphisGrizzlies,UtahJazz,747,380,174.086641017725
197,AtlantaHawks,UtahJazz,747,380,211.325793830496
198,BrooklynNets,UtahJazz,747,380,199.085723129
199,GoldenStateWarriors,UtahJazz,747,380,201.464704772143
200,LosAngelesLakers,UtahJazz,747,380,198.704775473639
201,PortlandTrailBlazers,UtahJazz,747,380,210.411126255185
202,MiamiHeat,UtahJazz,747,380,195.97325723756
203,OklahomaCityThunder,UtahJazz,747,380,215.801020202941
204,TorontoRaptors,UtahJazz,747,380,202.772903730082
205,PhoenixSuns,UtahJazz,747,380,197.141661485154
206,SacramentoKings,UtahJazz,747,380,216.525558158843
207,HoustonRockets,UtahJazz,747,380,216.693981629384
208,MilwaukeeBucks,UtahJazz,747,380,197.778212587604
209,OrlandoMagic,UtahJazz,747,380,185.973257237561
210,BostonCeltics,UtahJazz,747,380,213.802003209053
211,DetroitPistons,CharlotteHornets,747,380,219.346734671026
212,ClevelandCavaliers,CharlotteHornets,747,380,218.469325213124
213,NewOrleansPelicans,CharlotteHornets,747,380,233.956741485857
214,WashingtonWizards,CharlotteHornets,747,380,222.906505814204
215,PhiladelphiaErs,CharlotteHornets,747,380,206.685801686218
216,ChicagoBulls,CharlotteHornets,747,380,217.163714525672
217,UtahJazz,CharlotteHornets,747,380,195.809278078792
218,CharlotteHornets,CharlotteHornets,747,380,198.989315822735
219,IndianaPacers,CharlotteHornets,747,380,202.203792467529
220,DenverNuggets,CharlotteHornets,747,380,207.229254511629
221,NewYorkKnicks,CharlotteHornets,747,380,220.894768034272
222,SanAntonioSpurs,CharlotteHornets,747,380,206.445141805589
223,DallasMavericks,CharlotteHornets,747,380,213.856859321684
224,LosAngelesClippers,CharlotteHornets,747,380,219.280178599823
225,MinnesotaTimberwolves,CharlotteHornets,747,380,214.677937637343
226,MemphisGrizzlies,CharlotteHornets,747,380,209.826974270538
227,AtlantaHawks,CharlotteHornets,747,380,191.704775473638
228,BrooklynNets,CharlotteHornets,747,380,216.248424692092
229,GoldenStateWarriors,CharlotteHornets,747,380,231.498424692093
230,LosAngelesLakers,CharlotteHornets,747,380,204.605581726008
231,PortlandTrailBlazers,CharlotteHornets,747,380,213.323827818277
232,MiamiHeat,CharlotteHornets,747,380,210.524855565524
233,OklahomaCityThunder,CharlotteHornets,747,380,215.445534591677
234,TorontoRaptors,CharlotteHornets,747,380,200.17007254758
235,PhoenixSuns,CharlotteHornets,747,380,224.772903730081
236,SacramentoKings,CharlotteHornets,747,380,227.171055553689
237,HoustonRockets,CharlotteHornets,747,380,223.260320002815
238,MilwaukeeBucks,CharlotteHornets,747,380,198.771763817714
239,OrlandoMagic,CharlotteHornets,747,380,226.701138038768
240,BostonCeltics,CharlotteHornets,747,380,199.662208498707
241,DetroitPistons,IndianaPacers,747,380,212.675971208771
242,ClevelandCavaliers,IndianaPacers,747,380,226.457500786266
243,NewOrleansPelicans,IndianaPacers,747,380,194.318518960753
244,WashingtonWizards,IndianaPacers,747,380,222.770249301319
245,PhiladelphiaErs,IndianaPacers,747,380,223.543450743633
246,ChicagoBulls,IndianaPacers,747,380,201.945809958294
247,UtahJazz,IndianaPacers,747,380,232.296694351527
248,CharlotteHornets,IndianaPacers,747,380,212.342375740474
249,IndianaPacers,IndianaPacers,747,380,200.522753552059
250,DenverNuggets,IndianaPacers,747,380,260.54934878029
251,NewYorkKnicks,IndianaPacers,747,380,200.48761162489
252,SanAntonioSpurs,IndianaPacers,747,380,205.3965765157
253,DallasMavericks,IndianaPacers,747,380,222.396576515701
254,LosAngelesClippers,IndianaPacers,747,380,211.167712708384
255,MinnesotaTimberwolves,IndianaPacers,747,380,217.830513508887
256,MemphisGrizzlies,IndianaPacers,747,380,200.207429902401
257,AtlantaHawks,IndianaPacers,747,380,197.308819134431
258,BrooklynNets,IndianaPacers,747,380,217.932950864412
259,GoldenStateWarriors,IndianaPacers,747,380,247.289419481785
260,LosAngelesLakers,IndianaPacers,747,380,213.847618439723
261,PortlandTrailBlazers,IndianaPacers,747,380,244.689537317611
262,MiamiHeat,IndianaPacers,747,380,207.39291985788
263,OklahomaCityThunder,IndianaPacers,747,380,216.550529220331
264,TorontoRaptors,IndianaPacers,747,380,208.430198090427
265,PhoenixSuns,IndianaPacers,747,380,204.296694351527
266,SacramentoKings,IndianaPacers,747,380,212.462050343381
267,HoustonRockets,IndianaPacers,747,380,224.265628860338
268,MilwaukeeBucks,IndianaPacers,747,380,208.616494030621
269,OrlandoMagic,IndianaPacers,747,380,209.826482247039
270,BostonCeltics,IndianaPacers,747,380,207.601124598938
271,DetroitPistons,DenverNuggets,747,380,199.369443048951
272,ClevelandCavaliers,DenverNuggets,747,380,230.865511024514
273,NewOrleansPelicans,DenverNuggets,747,380,227.737512387479
274,WashingtonWizards,DenverNuggets,747,380,210.723945654103
275,PhiladelphiaErs,DenverNuggets,747,380,216.138613229415
276,ChicagoBulls,DenverNuggets,747,380,217.542073910545
277,UtahJazz,DenverNuggets,747,380,195.411952355037
278,CharlotteHornets,DenverNuggets,747,380,215.10787644782
279,IndianaPacers,DenverNuggets,747,380,234.438259721935
280,DenverNuggets,DenverNuggets,747,380,253.769215354604
281,NewYorkKnicks,DenverNuggets,747,380,230.186785733216
282,SanAntonioSpurs,DenverNuggets,747,380,215.738495393588
283,DallasMavericks,DenverNuggets,747,380,210.624751906474
284,LosAngelesClippers,DenverNuggets,747,380,204.80200320905
285,MinnesotaTimberwolves,DenverNuggets,747,380,203.427642006888
286,MemphisGrizzlies,DenverNuggets,747,380,209.262941352441
287,AtlantaHawks,DenverNuggets,747,380,218.355222019059
288,BrooklynNets,DenverNuggets,747,380,228.502030088716
289,GoldenStateWarriors,DenverNuggets,747,380,237.728533015948
290,LosAngelesLakers,DenverNuggets,747,380,240.487512387479
291,PortlandTrailBlazers,DenverNuggets,747,380,224.493804251112
292,MiamiHeat,DenverNuggets,747,380,242.052691625593
293,OklahomaCityThunder,DenverNuggets,747,380,228.846635433613
294,TorontoRaptors,DenverNuggets,747,380,216.907783409881
295,PhoenixSuns,DenverNuggets,747,380,221.232203529956
296,SacramentoKings,DenverNuggets,747,380,218.528901004148
297,HoustonRockets,DenverNuggets,747,380,223.50596211315
298,MilwaukeeBucks,DenverNuggets,747,380,194.049348780288
299,OrlandoMagic,DenverNuggets,747,380,236.867477036731
300,BostonCeltics,DenverNuggets,747,380,229.464016355602
301,DetroitPistons,NewYorkKnicks,747,380,209.821206468654
302,ClevelandCavaliers,NewYorkKnicks,747,380,204.87597120877
303,NewOrleansPelicans,NewYorkKnicks,747,380,199.627406335235
304,WashingtonWizards,NewYorkKnicks,747,380,223.242132828459
305,PhiladelphiaErs,NewYorkKnicks,747,380,210.931967858303
306,ChicagoBulls,NewYorkKnicks,747,380,218.68357312268
307,UtahJazz,NewYorkKnicks,747,380,206.831102688019
308,CharlotteHornets,NewYorkKnicks,747,380,201.115215394058
309,IndianaPacers,NewYorkKnicks,747,380,218.826482247038
310,DenverNuggets,NewYorkKnicks,747,380,229.367477036733
311,NewYorkKnicks,NewYorkKnicks,747,380,257.012594781376
312,SanAntonioSpurs,NewYorkKnicks,747,380,208.091031986523
313,DallasMavericks,NewYorkKnicks,747,380,195.423709982451
314,LosAngelesClippers,NewYorkKnicks,747,380,213.16908954147
315,MinnesotaTimberwolves,NewYorkKnicks,747,380,211.114822607969
316,MemphisGrizzlies,NewYorkKnicks,747,380,199.938259721936
317,AtlantaHawks,NewYorkKnicks,747,380,233.165746696165
318,BrooklynNets,NewYorkKnicks,747,380,216.156505814204
319,GoldenStateWarriors,NewYorkKnicks,747,380,206.323827818277
320,LosAngelesLakers,NewYorkKnicks,747,380,210.374751906473
321,PortlandTrailBlazers,NewYorkKnicks,747,380,220.30200320905
322,MiamiHeat,NewYorkKnicks,747,380,199.640284652067
323,OklahomaCityThunder,NewYorkKnicks,747,380,202.599028351946
324,TorontoRaptors,NewYorkKnicks,747,380,221.967653790471
325,PhoenixSuns,NewYorkKnicks,747,380,231.389301645958
326,SacramentoKings,NewYorkKnicks,747,380,207.073139401734
327,HoustonRockets,NewYorkKnicks,747,380,237.551314792507
328,MilwaukeeBucks,NewYorkKnicks,747,380,217.322156395626
329,OrlandoMagic,NewYorkKnicks,747,380,207.220407456644
330,BostonCeltics,NewYorkKnicks,747,380,210.582066471183
331,DetroitPistons,SanAntonioSpurs,747,380,208.374751906475
332,ClevelandCavaliers,SanAntonioSpurs,747,380,233.389301645959
333,NewOrleansPelicans,SanAntonioSpurs,747,380,205.606564732117
334,WashingtonWizards,SanAntonioSpurs,747,380,214.429608019106
335,PhiladelphiaErs,SanAntonioSpurs,747,380,207.651196956681
336,ChicagoBulls,SanAntonioSpurs,747,380,182.208806735486
337,UtahJazz,SanAntonioSpurs,747,380,189.543745333198
338,CharlotteHornets,SanAntonioSpurs,747,380,212.947500603897
339,IndianaPacers,SanAntonioSpurs,747,380,203.369771758541
340,DenverNuggets,SanAntonioSpurs,747,380,206.80836019007
341,NewYorkKnicks,SanAntonioSpurs,747,380,188.376717918693
342,SanAntonioSpurs,SanAntonioSpurs,747,380,226.645213859387
343,DallasMavericks,SanAntonioSpurs,747,380,197.761008419359
344,LosAngelesClippers,SanAntonioSpurs,747,380,205.912044143909
345,MinnesotaTimberwolves,SanAntonioSpurs,747,380,203.592014992633
346,MemphisGrizzlies,SanAntonioSpurs,747,380,199.877657860175
347,AtlantaHawks,SanAntonioSpurs,747,380,210.891267658174
348,BrooklynNets,SanAntonioSpurs,747,380,198.512974431577
349,GoldenStateWarriors,SanAntonioSpurs,747,380,225.209592307664
350,LosAngelesLakers,SanAntonioSpurs,747,380,225.697500603896
351,PortlandTrailBlazers,SanAntonioSpurs,747,380,209.835756208137
352,MiamiHeat,SanAntonioSpurs,747,380,219.034209861671
353,OklahomaCityThunder,SanAntonioSpurs,747,380,209.105581726009
354,TorontoRaptors,SanAntonioSpurs,747,380,209.745770263331
355,PhoenixSuns,SanAntonioSpurs,747,380,218.752062126964
356,SacramentoKings,SanAntonioSpurs,747,380,208.899525534028
357,HoustonRockets,SanAntonioSpurs,747,380,201.789419481784
358,MilwaukeeBucks,SanAntonioSpurs,747,380,214.420367137145
359,OrlandoMagic,SanAntonioSpurs,747,380,198.162536167408
360,BostonCeltics,SanAntonioSpurs,747,380,204.035520536487
361,DetroitPistons,DallasMavericks,747,380,194.256387978379
362,ClevelandCavaliers,DallasMavericks,747,380,214.469325213124
363,NewOrleansPelicans,DallasMavericks,747,380,224.622097477711
364,WashingtonWizards,DallasMavericks,747,380,221.626817156102
365,PhiladelphiaErs,DallasMavericks,747,380,191.034799040804
366,ChicagoBulls,DallasMavericks,747,380,185.527524171061
367,UtahJazz,DallasMavericks,747,380,196.475027897624
368,CharlotteHornets,DallasMavericks,747,380,200.440225734155
369,IndianaPacers,DallasMavericks,747,380,227.349584451941
370,DenverNuggets,DallasMavericks,747,380,215.609219160881
371,NewYorkKnicks,DallasMavericks,747,380,193.276835754519
372,SanAntonioSpurs,DallasMavericks,747,380,197.119443048949
373,DallasMavericks,DallasMavericks,747,380,221.402587966542
374,LosAngelesClippers,DallasMavericks,747,380,203.276521942003
375,MinnesotaTimberwolves,DallasMavericks,747,380,191.542664338745
376,MemphisGrizzlies,DallasMavericks,747,380,205.099015120292
377,AtlantaHawks,DallasMavericks,747,380,208.591031986523
378,BrooklynNets,DallasMavericks,747,380,232.751079120854
379,GoldenStateWarriors,DallasMavericks,747,380,232.045711345418
380,LosAngelesLakers,DallasMavericks,747,380,201.084051706347
381,PortlandTrailBlazers,DallasMavericks,747,380,217.480237517737
382,MiamiHeat,DallasMavericks,747,380,198.114822607969
383,OklahomaCityThunder,DallasMavericks,747,380,208.896969301788
384,TorontoRaptors,DallasMavericks,747,380,196.802003209051
385,PhoenixSuns,DallasMavericks,747,380,226.81150664233
386,SacramentoKings,DallasMavericks,747,380,220.420367137146
387,HoustonRockets,DallasMavericks,747,380,207.380729333058
388,MilwaukeeBucks,DallasMavericks,747,380,209.032833028585
389,OrlandoMagic,DallasMavericks,747,380,205.202121044877
390,BostonCeltics,DallasMavericks,747,380,198.40050854014
391,DetroitPistons,LosAngelesClippers,747,380,214.145888099159
392,ClevelandCavaliers,LosAngelesClippers,747,380,219.325793830497
393,NewOrleansPelicans,LosAngelesClippers,747,380,210.071488451097
394,WashingtonWizards,LosAngelesClippers,747,380,220.376717918692
395,PhiladelphiaErs,LosAngelesClippers,747,380,217.302003209051
396,ChicagoBulls,LosAngelesClippers,747,380,184.454775473638
397,UtahJazz,LosAngelesClippers,747,380,205.971853835309
398,CharlotteHornets,LosAngelesClippers,747,380,230.962050343382
399,IndianaPacers,LosAngelesClippers,747,380,177.818518960753
400,DenverNuggets,LosAngelesClippers,747,380,229.086641017726
401,NewYorkKnicks,LosAngelesClippers,747,380,225.816552948535
402,SanAntonioSpurs,LosAngelesClippers,747,380,212.920171160457
403,DallasMavericks,LosAngelesClippers,747,380,218.288436475675
404,LosAngelesClippers,LosAngelesClippers,747,380,208.626732095467
405,MinnesotaTimberwolves,LosAngelesClippers,747,380,210.954775473639
406,MemphisGrizzlies,LosAngelesClippers,747,380,210.602960376384
407,AtlantaHawks,LosAngelesClippers,747,380,200.8965765157
408,BrooklynNets,LosAngelesClippers,747,380,234.631338359673
409,GoldenStateWarriors,LosAngelesClippers,747,380,234.367477036731
410,LosAngelesLakers,LosAngelesClippers,747,380,217.685016114041
411,PortlandTrailBlazers,LosAngelesClippers,747,380,207.546034288529
412,MiamiHeat,LosAngelesClippers,747,380,203.592997998742
413,OklahomaCityThunder,LosAngelesClippers,747,380,228.493981629385
414,TorontoRaptors,LosAngelesClippers,747,380,223.316552948535
415,PhoenixSuns,LosAngelesClippers,747,380,236.870131465493
416,SacramentoKings,LosAngelesClippers,747,380,227.170367137146
417,HoustonRockets,LosAngelesClippers,747,380,237.175642915532
418,MilwaukeeBucks,LosAngelesClippers,747,380,215.469325213123
419,OrlandoMagic,LosAngelesClippers,747,380,217.622097477712
420,BostonCeltics,LosAngelesClippers,747,380,247.700155032661
421,DetroitPistons,MinnesotaTimberwolves,747,380,222.095948057961
422,ClevelandCavaliers,MinnesotaTimberwolves,747,380,228.345652427505
423,NewOrleansPelicans,MinnesotaTimberwolves,747,380,221.899801525178
424,WashingtonWizards,MinnesotaTimberwolves,747,380,245.598306856266
425,PhiladelphiaErs,MinnesotaTimberwolves,747,380,203.20939591462
426,ChicagoBulls,MinnesotaTimberwolves,747,380,201.78411062426
427,UtahJazz,MinnesotaTimberwolves,747,380,205.249113108635
428,CharlotteHornets,MinnesotaTimberwolves,747,380,234.976600082867
429,IndianaPacers,MinnesotaTimberwolves,747,380,226.476600082865
430,DenverNuggets,MinnesotaTimberwolves,747,380,210.152179962793
431,NewYorkKnicks,MinnesotaTimberwolves,747,380,228.080414271477
432,SanAntonioSpurs,MinnesotaTimberwolves,747,380,210.840442807391
433,DallasMavericks,MinnesotaTimberwolves,747,380,212.358628940859
434,LosAngelesClippers,MinnesotaTimberwolves,747,380,215.046005934983
435,MinnesotaTimberwolves,MinnesotaTimberwolves,747,380,217.047297707436
436,MemphisGrizzlies,MinnesotaTimberwolves,747,380,206.944846175135
437,AtlantaHawks,MinnesotaTimberwolves,747,380,207.711361926838
438,BrooklynNets,MinnesotaTimberwolves,747,380,214.725911666322
439,GoldenStateWarriors,MinnesotaTimberwolves,747,380,232.230336755148
440,LosAngelesLakers,MinnesotaTimberwolves,747,380,237.961067337273
441,PortlandTrailBlazers,MinnesotaTimberwolves,747,380,209.879077757888
442,MiamiHeat,MinnesotaTimberwolves,747,380,227.748064985141
443,OklahomaCityThunder,MinnesotaTimberwolves,747,380,214.799526158561
444,TorontoRaptors,MinnesotaTimberwolves,747,380,233.527524171062
445,PhoenixSuns,MinnesotaTimberwolves,747,380,216.483128242685
446,SacramentoKings,MinnesotaTimberwolves,747,380,205.295711345417
447,HoustonRockets,MinnesotaTimberwolves,747,380,244.104598719898
448,MilwaukeeBucks,MinnesotaTimberwolves,747,380,213.285487457347
449,OrlandoMagic,MinnesotaTimberwolves,747,380,225.451432628334
450,BostonCeltics,MinnesotaTimberwolves,747,380,223.294728339311
451,DetroitPistons,MemphisGrizzlies,747,380,191.99311583457
452,ClevelandCavaliers,MemphisGrizzlies,747,380,205.903851385444
453,NewOrleansPelicans,MemphisGrizzlies,747,380,211.30662365003
454,WashingtonWizards,MemphisGrizzlies,747,380,205.187571305392
455,PhiladelphiaErs,MemphisGrizzlies,747,380,206.102238880704
456,ChicagoBulls,MemphisGrizzlies,747,380,192.831102688019
457,UtahJazz,MemphisGrizzlies,747,380,193.018577878667
458,CharlotteHornets,MemphisGrizzlies,747,380,200.08768914122
459,IndianaPacers,MemphisGrizzlies,747,380,211.818518960753
460,DenverNuggets,MemphisGrizzlies,747,380,212.391956074722
461,NewYorkKnicks,MemphisGrizzlies,747,380,202.956741485857
462,SanAntonioSpurs,MemphisGrizzlies,747,380,193.615019694939
463,DallasMavericks,MemphisGrizzlies,747,380,190.755090535221
464,LosAngelesClippers,MemphisGrizzlies,747,380,213.002436106458
465,MinnesotaTimberwolves,MemphisGrizzlies,747,380,214.68491687663
466,MemphisGrizzlies,MemphisGrizzlies,747,380,213.966684961137
467,AtlantaHawks,MemphisGrizzlies,747,380,192.190914150696
468,BrooklynNets,MemphisGrizzlies,747,380,213.64195607472
469,GoldenStateWarriors,MemphisGrizzlies,747,380,222.765628860339
470,LosAngelesLakers,MemphisGrizzlies,747,380,215.547697829651
471,PortlandTrailBlazers,MemphisGrizzlies,747,380,205.220013629666
472,MiamiHeat,MemphisGrizzlies,747,380,214.645888099157
473,OklahomaCityThunder,MemphisGrizzlies,747,380,212.792106989683
474,TorontoRaptors,MemphisGrizzlies,747,380,211.107547738227
475,PhoenixSuns,MemphisGrizzlies,747,380,216.66155212041
476,SacramentoKings,MemphisGrizzlies,747,380,200.570321659065
477,HoustonRockets,MemphisGrizzlies,747,380,212.448025706532
478,MilwaukeeBucks,MemphisGrizzlies,747,380,199.05662365003
479,OrlandoMagic,MemphisGrizzlies,747,380,226.612856595751
480,BostonCeltics,MemphisGrizzlies,747,380,220.787453469568
481,DetroitPistons,AtlantaHawks,747,380,222.21342717647
482,ClevelandCavaliers,AtlantaHawks,747,380,219.720171160459
483,NewOrleansPelicans,AtlantaHawks,747,380,222.124063489929
484,WashingtonWizards,AtlantaHawks,747,380,211.995377997687
485,PhiladelphiaErs,AtlantaHawks,747,380,211.448208867923
486,ChicagoBulls,AtlantaHawks,747,380,210.144787881754
487,UtahJazz,AtlantaHawks,747,380,176.02752417106
488,CharlotteHornets,AtlantaHawks,747,380,199.507194230749
489,IndianaPacers,AtlantaHawks,747,380,195.436588299281
490,DenverNuggets,AtlantaHawks,747,380,227.636647217198
491,NewYorkKnicks,AtlantaHawks,747,380,216.069501966864
492,SanAntonioSpurs,AtlantaHawks,747,380,207.976600082865
493,DallasMavericks,AtlantaHawks,747,380,205.034209861671
494,LosAngelesClippers,AtlantaHawks,747,380,199.952809461419
495,MinnesotaTimberwolves,AtlantaHawks,747,380,201.558589662251
496,MemphisGrizzlies,AtlantaHawks,747,380,213.998424692093
497,AtlantaHawks,AtlantaHawks,747,380,192.222653881653
498,BrooklynNets,AtlantaHawks,747,380,200.895004330461
499,GoldenStateWarriors,AtlantaHawks,747,380,216.55662365003
500,LosAngelesLakers,AtlantaHawks,747,380,200.042073910546
501,PortlandTrailBlazers,AtlantaHawks,747,380,214.294728339309
502,MiamiHeat,AtlantaHawks,747,380,200.185762823964
503,OklahomaCityThunder,AtlantaHawks,747,380,217.000390704309
504,TorontoRaptors,AtlantaHawks,747,380,221.83474012289
505,PhoenixSuns,AtlantaHawks,747,380,211.818518960754
506,SacramentoKings,AtlantaHawks,747,380,203.809278078792
507,HoustonRockets,AtlantaHawks,747,380,235.534799040803
508,MilwaukeeBucks,AtlantaHawks,747,380,216.004192493977
509,OrlandoMagic,AtlantaHawks,747,380,203.693863169023
510,BostonCeltics,AtlantaHawks,747,380,213.201203156155
511,DetroitPistons,BrooklynNets,747,380,203.622752815119
512,ClevelandCavaliers,BrooklynNets,747,380,214.480237517738
513,NewOrleansPelicans,BrooklynNets,747,380,239.3965765157
514,WashingtonWizards,BrooklynNets,747,380,230.171318105006
515,PhiladelphiaErs,BrooklynNets,747,380,221.322844812168
516,ChicagoBulls,BrooklynNets,747,380,209.656505814203
517,UtahJazz,BrooklynNets,747,380,211.929740335654
518,CharlotteHornets,BrooklynNets,747,380,225.342014992634
519,IndianaPacers,BrooklynNets,747,380,235.91513766955
520,DenverNuggets,BrooklynNets,747,380,235.953989901464
521,NewYorkKnicks,BrooklynNets,747,380,210.598739753674
522,SanAntonioSpurs,BrooklynNets,747,380,211.864134191425
523,DallasMavericks,BrooklynNets,747,380,192.04738276807
524,LosAngelesClippers,BrooklynNets,747,380,218.165746696165
525,MinnesotaTimberwolves,BrooklynNets,747,380,250.583757116781
526,MemphisGrizzlies,BrooklynNets,747,380,218.731220523846
527,AtlantaHawks,BrooklynNets,747,380,207.356564732118
528,BrooklynNets,BrooklynNets,747,380,216.028915180927
529,GoldenStateWarriors,BrooklynNets,747,380,213.694846175135
530,LosAngelesLakers,BrooklynNets,747,380,233.811113856241
531,PortlandTrailBlazers,BrooklynNets,747,380,224.282473321634
532,MiamiHeat,BrooklynNets,747,380,215.923447431132
533,OklahomaCityThunder,BrooklynNets,747,380,226.835034712457
534,TorontoRaptors,BrooklynNets,747,380,226.940225734154
535,PhoenixSuns,BrooklynNets,747,380,217.502030088716
536,SacramentoKings,BrooklynNets,747,380,221.673021565907
537,HoustonRockets,BrooklynNets,747,380,229.762286015033
538,MilwaukeeBucks,BrooklynNets,747,380,211.40935663601
539,OrlandoMagic,BrooklynNets,747,380,232.171763817715
540,BostonCeltics,BrooklynNets,747,380,224.778507177173
541,DetroitPistons,GoldenStateWarriors,747,380,227.202121044878
542,ClevelandCavaliers,GoldenStateWarriors,747,380,230.673021565909
543,NewOrleansPelicans,GoldenStateWarriors,747,380,245.383403609301
544,WashingtonWizards,GoldenStateWarriors,747,380,244.083757116781
545,PhiladelphiaErs,GoldenStateWarriors,747,380,226.620131465493
546,ChicagoBulls,GoldenStateWarriors,747,380,206.671055553688
547,UtahJazz,GoldenStateWarriors,747,380,212.306590570893
548,CharlotteHornets,GoldenStateWarriors,747,380,222.789419481785
549,IndianaPacers,GoldenStateWarriors,747,380,236.218636796579
550,DenverNuggets,GoldenStateWarriors,747,380,235.527563866028
551,NewYorkKnicks,GoldenStateWarriors,747,380,220.569207377297
552,SanAntonioSpurs,GoldenStateWarriors,747,380,194.453793092062
553,DallasMavericks,GoldenStateWarriors,747,380,226.112562006185
554,LosAngelesClippers,GoldenStateWarriors,747,380,243.393706262767
555,MinnesotaTimberwolves,GoldenStateWarriors,747,380,228.715687778252
556,MemphisGrizzlies,GoldenStateWarriors,747,380,210.268578503201
557,AtlantaHawks,GoldenStateWarriors,747,380,218.401885373223
558,BrooklynNets,GoldenStateWarriors,747,380,222.507665574053
559,GoldenStateWarriors,GoldenStateWarriors,747,380,242.735855141601
560,LosAngelesLakers,GoldenStateWarriors,747,380,210.34034356998
561,PortlandTrailBlazers,GoldenStateWarriors,747,380,238.425938545987
562,MiamiHeat,GoldenStateWarriors,747,380,225.192880162915
563,OklahomaCityThunder,GoldenStateWarriors,747,380,235.171318105007
564,TorontoRaptors,GoldenStateWarriors,747,380,242.276835754519
565,PhoenixSuns,GoldenStateWarriors,747,380,233.114822607969
566,SacramentoKings,GoldenStateWarriors,747,380,227.017594872557
567,HoustonRockets,GoldenStateWarriors,747,380,222.154932588074
568,MilwaukeeBucks,GoldenStateWarriors,747,380,231.704087057095
569,OrlandoMagic,GoldenStateWarriors,747,380,236.692880162916
570,BostonCeltics,GoldenStateWarriors,747,380,225.218636796583
571,DetroitPistons,LosAngelesLakers,747,380,219.658471826425
572,ClevelandCavaliers,LosAngelesLakers,747,380,236.063898519774
573,NewOrleansPelicans,LosAngelesLakers,747,380,213.317535954644
574,WashingtonWizards,LosAngelesLakers,747,380,218.835363422048
575,PhiladelphiaErs,LosAngelesLakers,747,380,199.087689141219
576,ChicagoBulls,LosAngelesLakers,747,380,220.607547738226
577,UtahJazz,LosAngelesLakers,747,380,192.659848659509
578,CharlotteHornets,LosAngelesLakers,747,380,225.362168179208
579,IndianaPacers,LosAngelesLakers,747,380,206.913092267403
580,DenverNuggets,LosAngelesLakers,747,380,231.541614966186
581,NewYorkKnicks,LosAngelesLakers,747,380,218.376717918692
582,SanAntonioSpurs,LosAngelesLakers,747,380,214.059278078792
583,DallasMavericks,LosAngelesLakers,747,380,206.178789367794
584,LosAngelesClippers,LosAngelesLakers,747,380,206.374948819962
585,MinnesotaTimberwolves,LosAngelesLakers,747,380,236.947304210852
586,MemphisGrizzlies,LosAngelesLakers,747,380,227.369639441995
587,AtlantaHawks,LosAngelesLakers,747,380,220.885958800652
588,BrooklynNets,LosAngelesLakers,747,380,210.784110624261
589,GoldenStateWarriors,LosAngelesLakers,747,380,222.111185173099
590,LosAngelesLakers,LosAngelesLakers,747,380,228.705378829546
591,PortlandTrailBlazers,LosAngelesLakers,747,380,221.979156523283
592,MiamiHeat,LosAngelesLakers,747,380,213.196812187353
593,OklahomaCityThunder,LosAngelesLakers,747,380,206.70841290851
594,TorontoRaptors,LosAngelesLakers,747,380,201.645888099157
595,PhoenixSuns,LosAngelesLakers,747,380,241.23287272355
596,SacramentoKings,LosAngelesLakers,747,380,227.464999361709
597,HoustonRockets,LosAngelesLakers,747,380,239.530178599823
598,MilwaukeeBucks,LosAngelesLakers,747,380,215.389171411187
599,OrlandoMagic,LosAngelesLakers,747,380,207.182262447869
600,BostonCeltics,LosAngelesLakers,747,380,217.699565853528
601,DetroitPistons,PortlandTrailBlazers,747,380,235.850961285029
602,ClevelandCavaliers,PortlandTrailBlazers,747,380,241.204087057097
603,NewOrleansPelicans,PortlandTrailBlazers,747,380,212.8965765157
604,WashingtonWizards,PortlandTrailBlazers,747,380,220.512974431577
605,PhiladelphiaErs,PortlandTrailBlazers,747,380,200.998424692093
606,ChicagoBulls,PortlandTrailBlazers,747,380,217.027524171061
607,UtahJazz,PortlandTrailBlazers,747,380,207.998739753674
608,CharlotteHornets,PortlandTrailBlazers,747,380,203.464016355601
609,IndianaPacers,PortlandTrailBlazers,747,380,222.10079797112
610,DenverNuggets,PortlandTrailBlazers,747,380,235.225911666324
611,NewYorkKnicks,PortlandTrailBlazers,747,380,206.600272868485
612,SanAntonioSpurs,PortlandTrailBlazers,747,380,212.128389341344
613,DallasMavericks,PortlandTrailBlazers,747,380,232.410274524735
614,LosAngelesClippers,PortlandTrailBlazers,747,380,209.166954300166
615,MinnesotaTimberwolves,PortlandTrailBlazers,747,380,212.727583088975
616,MemphisGrizzlies,PortlandTrailBlazers,747,380,204.326776836606
617,AtlantaHawks,PortlandTrailBlazers,747,380,213.272903730082
618,BrooklynNets,PortlandTrailBlazers,747,380,236.449466616115
619,GoldenStateWarriors,PortlandTrailBlazers,747,380,234.642218626038
620,LosAngelesLakers,PortlandTrailBlazers,747,380,197.101190757209
621,PortlandTrailBlazers,PortlandTrailBlazers,747,380,235.344978187738
622,MiamiHeat,PortlandTrailBlazers,747,380,228.772903730081
623,OklahomaCityThunder,PortlandTrailBlazers,747,380,223.92469298856
624,TorontoRaptors,PortlandTrailBlazers,747,380,231.380060763997
625,PhoenixSuns,PortlandTrailBlazers,747,380,215.68470105246
626,SacramentoKings,PortlandTrailBlazers,747,380,228.088344478625
627,HoustonRockets,PortlandTrailBlazers,747,380,215.390349769452
628,MilwaukeeBucks,PortlandTrailBlazers,747,380,212.846373923184
629,OrlandoMagic,PortlandTrailBlazers,747,380,212.462050343381
630,BostonCeltics,PortlandTrailBlazers,747,380,236.156505814207
631,DetroitPistons,MiamiHeat,747,380,197.088377557763
632,ClevelandCavaliers,MiamiHeat,747,380,205.131600910991
633,NewOrleansPelicans,MiamiHeat,747,380,201.721979641884
634,WashingtonWizards,MiamiHeat,747,380,206.722962647994
635,PhiladelphiaErs,MiamiHeat,747,380,217.71935829226
636,ChicagoBulls,MiamiHeat,747,380,201.889301645957
637,UtahJazz,MiamiHeat,747,380,191.618428004592
638,CharlotteHornets,MiamiHeat,747,380,192.308688007471
639,IndianaPacers,MiamiHeat,747,380,193.500587097355
640,DenverNuggets,MiamiHeat,747,380,200.294794497584
641,NewYorkKnicks,MiamiHeat,747,380,189.933147257456
642,SanAntonioSpurs,MiamiHeat,747,380,198.998424692092
643,DallasMavericks,MiamiHeat,747,380,190.591031986524
644,LosAngelesClippers,MiamiHeat,747,380,199.105647884282
645,MinnesotaTimberwolves,MiamiHeat,747,380,211.398542527919
646,MemphisGrizzlies,MiamiHeat,747,380,187.536765053023
647,AtlantaHawks,MiamiHeat,747,380,209.527524171062
648,BrooklynNets,MiamiHeat,747,380,212.980237517737
649,GoldenStateWarriors,MiamiHeat,747,380,202.434131304454
650,LosAngelesLakers,MiamiHeat,747,380,221.061932507554
651,PortlandTrailBlazers,MiamiHeat,747,380,203.787453469566
652,MiamiHeat,MiamiHeat,747,380,217.490633113373
653,OklahomaCityThunder,MiamiHeat,747,380,185.02949018328
654,TorontoRaptors,MiamiHeat,747,380,199.522903730082
655,PhoenixSuns,MiamiHeat,747,380,214.139597276413
656,SacramentoKings,MiamiHeat,747,380,220.061932507554
657,HoustonRockets,MiamiHeat,747,380,228.185605293173
658,MilwaukeeBucks,MiamiHeat,747,380,219.214704772142
659,OrlandoMagic,MiamiHeat,747,380,219.219109388953
660,BostonCeltics,MiamiHeat,747,380,213.115511024515
661,DetroitPistons,OklahomaCityThunder,747,380,187.95477547364
662,ClevelandCavaliers,OklahomaCityThunder,747,380,208.151196956682
663,NewOrleansPelicans,OklahomaCityThunder,747,380,236.695108726452
664,WashingtonWizards,OklahomaCityThunder,747,380,229.311244091011
665,PhiladelphiaErs,OklahomaCityThunder,747,380,211.173021565908
666,ChicagoBulls,OklahomaCityThunder,747,380,196.807574617891
667,UtahJazz,OklahomaCityThunder,747,380,197.423592146624
668,CharlotteHornets,OklahomaCityThunder,747,380,224.216670784363
669,IndianaPacers,OklahomaCityThunder,747,380,210.916435112708
670,DenverNuggets,OklahomaCityThunder,747,380,226.899015120293
671,NewYorkKnicks,OklahomaCityThunder,747,380,239.811244091011
672,SanAntonioSpurs,OklahomaCityThunder,747,380,206.40217996279
673,DallasMavericks,OklahomaCityThunder,747,380,218.716015446956
674,LosAngelesClippers,OklahomaCityThunder,747,380,203.727583088975
675,MinnesotaTimberwolves,OklahomaCityThunder,747,380,217.609593140374
676,MemphisGrizzlies,OklahomaCityThunder,747,380,218.669384131037
677,AtlantaHawks,OklahomaCityThunder,747,380,211.174987578127
678,BrooklynNets,OklahomaCityThunder,747,380,230.554657637812
679,GoldenStateWarriors,OklahomaCityThunder,747,380,229.542073910547
680,LosAngelesLakers,OklahomaCityThunder,747,380,226.670334058009
681,PortlandTrailBlazers,OklahomaCityThunder,747,380,224.192133452993
682,MiamiHeat,OklahomaCityThunder,747,380,203.493115834569
683,OklahomaCityThunder,OklahomaCityThunder,747,380,235.952724400783
684,TorontoRaptors,OklahomaCityThunder,747,380,228.074516234821
685,PhoenixSuns,OklahomaCityThunder,747,380,230.745836421605
686,SacramentoKings,OklahomaCityThunder,747,380,227.424142879859
687,HoustonRockets,OklahomaCityThunder,747,380,230.030614511024
688,MilwaukeeBucks,OklahomaCityThunder,747,380,202.235284864831
689,OrlandoMagic,OklahomaCityThunder,747,380,254.571173389518
690,BostonCeltics,OklahomaCityThunder,747,380,240.765628860341
691,DetroitPistons,TorontoRaptors,747,380,200.281850022478
692,ClevelandCavaliers,TorontoRaptors,747,380,219.74845777123
693,NewOrleansPelicans,TorontoRaptors,747,380,199.647264932243
694,WashingtonWizards,TorontoRaptors,747,380,204.09034356998
695,PhiladelphiaErs,TorontoRaptors,747,380,218.655817397662
696,ChicagoBulls,TorontoRaptors,747,380,222.65021395057
697,UtahJazz,TorontoRaptors,747,380,202.797874791569
698,CharlotteHornets,TorontoRaptors,747,380,214.25284874003
699,IndianaPacers,TorontoRaptors,747,380,198.156243262886
700,DenverNuggets,TorontoRaptors,747,380,227.946911424766
701,NewYorkKnicks,TorontoRaptors,747,380,203.379077757888
702,SanAntonioSpurs,TorontoRaptors,747,380,200.1382866016
703,DallasMavericks,TorontoRaptors,747,380,193.571173389516
704,LosAngelesClippers,TorontoRaptors,747,380,212.335034712457
705,MinnesotaTimberwolves,TorontoRaptors,747,380,231.678330423431
706,MemphisGrizzlies,TorontoRaptors,747,380,203.409160242967
707,AtlantaHawks,TorontoRaptors,747,380,196.811899428418
708,BrooklynNets,TorontoRaptors,747,380,204.167418118818
709,GoldenStateWarriors,TorontoRaptors,747,380,233.822124357377
710,LosAngelesLakers,TorontoRaptors,747,380,212.778475138923
711,PortlandTrailBlazers,TorontoRaptors,747,380,199.091098144797
712,MiamiHeat,TorontoRaptors,747,380,194.947500603896
713,OklahomaCityThunder,TorontoRaptors,747,380,215.553280804726
714,TorontoRaptors,TorontoRaptors,747,380,226.423985669656
715,PhoenixSuns,TorontoRaptors,747,380,202.534799040804
716,SacramentoKings,TorontoRaptors,747,380,212.393233670395
717,HoustonRockets,TorontoRaptors,747,380,225.918401124927
718,MilwaukeeBucks,TorontoRaptors,747,380,193.927249518196
719,OrlandoMagic,TorontoRaptors,747,380,200.333068700239
720,BostonCeltics,TorontoRaptors,747,380,205.647559521811
721,DetroitPistons,PhoenixSuns,747,380,234.903851385444
722,ClevelandCavaliers,PhoenixSuns,747,380,221.425675994671
723,NewOrleansPelicans,PhoenixSuns,747,380,231.861185173098
724,WashingtonWizards,PhoenixSuns,747,380,225.218506561809
725,PhiladelphiaErs,PhoenixSuns,747,380,227.876717918692
726,ChicagoBulls,PhoenixSuns,747,380,233.534799040803
727,UtahJazz,PhoenixSuns,747,380,198.357547738227
728,CharlotteHornets,PhoenixSuns,747,380,228.198189020441
729,IndianaPacers,PhoenixSuns,747,380,219.985840964826
730,DenverNuggets,PhoenixSuns,747,380,233.723945654106
731,NewYorkKnicks,PhoenixSuns,747,380,212.974700228921
732,SanAntonioSpurs,PhoenixSuns,747,380,205.539124892218
733,DallasMavericks,PhoenixSuns,747,380,197.436588299283
734,LosAngelesClippers,PhoenixSuns,747,380,215.061421469284
735,MinnesotaTimberwolves,PhoenixSuns,747,380,229.030145520687
736,MemphisGrizzlies,PhoenixSuns,747,380,216.754716555726
737,AtlantaHawks,PhoenixSuns,747,380,195.429018839974
738,BrooklynNets,PhoenixSuns,747,380,219.646216808749
739,GoldenStateWarriors,PhoenixSuns,747,380,249.829431265367
740,LosAngelesLakers,PhoenixSuns,747,380,212.245770263331
741,PortlandTrailBlazers,PhoenixSuns,747,380,230.917811945795
742,MiamiHeat,PhoenixSuns,747,380,210.720013629666
743,OklahomaCityThunder,PhoenixSuns,747,380,227.986823970936
744,TorontoRaptors,PhoenixSuns,747,380,220.833068700239
745,PhoenixSuns,PhoenixSuns,747,380,215.024883919075
746,SacramentoKings,PhoenixSuns,747,380,234.45280946142
747,HoustonRockets,PhoenixSuns,747,380,245.718047617447
748,MilwaukeeBucks,PhoenixSuns,747,380,203.690914150697
749,OrlandoMagic,PhoenixSuns,747,380,189.571173389516
750,BostonCeltics,PhoenixSuns,747,380,241.547382768072
751,DetroitPistons,SacramentoKings,747,380,218.722504744523
752,ClevelandCavaliers,SacramentoKings,747,380,230.794728339309
753,NewOrleansPelicans,SacramentoKings,747,380,224.583953509825
754,WashingtonWizards,SacramentoKings,747,380,211.573139401734
755,PhiladelphiaErs,SacramentoKings,747,380,239.243804251112
756,ChicagoBulls,SacramentoKings,747,380,212.5182832891
757,UtahJazz,SacramentoKings,747,380,199.455234418001
758,CharlotteHornets,SacramentoKings,747,380,239.333068700239
759,IndianaPacers,SacramentoKings,747,380,212.806263943079
760,DenverNuggets,SacramentoKings,747,380,216.646636058149
761,NewYorkKnicks,SacramentoKings,747,380,198.254684517477
762,SanAntonioSpurs,SacramentoKings,747,380,217.354304130333
763,DallasMavericks,SacramentoKings,747,380,206.984976419077
764,LosAngelesClippers,SacramentoKings,747,380,216.993804251112
765,MinnesotaTimberwolves,SacramentoKings,747,380,222.953792467529
766,MemphisGrizzlies,SacramentoKings,747,380,213.407488820314
767,AtlantaHawks,SacramentoKings,747,380,208.516906456014
768,BrooklynNets,SacramentoKings,747,380,244.245770263331
769,GoldenStateWarriors,SacramentoKings,747,380,220.672038559799
770,LosAngelesLakers,SacramentoKings,747,380,204.898247938353
771,PortlandTrailBlazers,SacramentoKings,747,380,217.038436475675
772,MiamiHeat,SacramentoKings,747,380,222.50235671653
773,OklahomaCityThunder,SacramentoKings,747,380,213.542925640996
774,TorontoRaptors,SacramentoKings,747,380,200.240461405807
775,PhoenixSuns,SacramentoKings,747,380,219.312227721654
776,SacramentoKings,SacramentoKings,747,380,220.103530653154
777,HoustonRockets,SacramentoKings,747,380,218.925675994669
778,MilwaukeeBucks,SacramentoKings,747,380,235.429608019106
779,OrlandoMagic,SacramentoKings,747,380,199.973257237561
780,BostonCeltics,SacramentoKings,747,380,216.516579828203
781,DetroitPistons,HoustonRockets,747,380,215.77683575452
782,ClevelandCavaliers,HoustonRockets,747,380,234.04934878029
783,NewOrleansPelicans,HoustonRockets,747,380,233.964704772142
784,WashingtonWizards,HoustonRockets,747,380,223.81321010323
785,PhiladelphiaErs,HoustonRockets,747,380,228.461920108611
786,ChicagoBulls,HoustonRockets,747,380,214.785487457346
787,UtahJazz,HoustonRockets,747,380,220.021756369176
788,CharlotteHornets,HoustonRockets,747,380,217.041288338371
789,IndianaPacers,HoustonRockets,747,380,219.416435112708
790,DenverNuggets,HoustonRockets,747,380,227.072156395627
791,NewYorkKnicks,HoustonRockets,747,380,225.334904477687
792,SanAntonioSpurs,HoustonRockets,747,380,225.857547738227
793,DallasMavericks,HoustonRockets,747,380,208.253045133073
794,LosAngelesClippers,HoustonRockets,747,380,239.809278078792
795,MinnesotaTimberwolves,HoustonRockets,747,380,231.892644491263
796,MemphisGrizzlies,HoustonRockets,747,380,207.498464387057
797,AtlantaHawks,HoustonRockets,747,380,217.438981217615
798,BrooklynNets,HoustonRockets,747,380,239.318518960754
799,GoldenStateWarriors,HoustonRockets,747,380,225.850118708363
800,LosAngelesLakers,HoustonRockets,747,380,220.120065307219
801,PortlandTrailBlazers,HoustonRockets,747,380,234.4574299024
802,MiamiHeat,HoustonRockets,747,380,212.573139401734
803,OklahomaCityThunder,HoustonRockets,747,380,222.556230863942
804,TorontoRaptors,HoustonRockets,747,380,242.221979641886
805,PhoenixSuns,HoustonRockets,747,380,233.402868379334
806,SacramentoKings,HoustonRockets,747,380,229.70428428285
807,HoustonRockets,HoustonRockets,747,380,260.751126376766
808,MilwaukeeBucks,HoustonRockets,747,380,251.656505814204
809,OrlandoMagic,HoustonRockets,747,380,206.2748697423
810,BostonCeltics,HoustonRockets,747,380,221.061932507557
811,DetroitPistons,MilwaukeeBucks,747,380,200.866454960192
812,ClevelandCavaliers,MilwaukeeBucks,747,380,222.963820378912
813,NewOrleansPelicans,MilwaukeeBucks,747,380,230.02949018328
814,WashingtonWizards,MilwaukeeBucks,747,380,215.46765379047
815,PhiladelphiaErs,MilwaukeeBucks,747,380,204.759075486277
816,ChicagoBulls,MilwaukeeBucks,747,380,204.302986215159
817,UtahJazz,MilwaukeeBucks,747,380,185.265628860339
818,CharlotteHornets,MilwaukeeBucks,747,380,215.642644491264
819,IndianaPacers,MilwaukeeBucks,747,380,220.403851385442
820,DenverNuggets,MilwaukeeBucks,747,380,228.876717918694
821,NewYorkKnicks,MilwaukeeBucks,747,380,204.346700550999
822,SanAntonioSpurs,MilwaukeeBucks,747,380,192.275394844935
823,DallasMavericks,MilwaukeeBucks,747,380,186.182262447869
824,LosAngelesClippers,MilwaukeeBucks,747,380,199.831102688019
825,MinnesotaTimberwolves,MilwaukeeBucks,747,380,204.753045133073
826,MemphisGrizzlies,MilwaukeeBucks,747,380,202.532833028586
827,AtlantaHawks,MilwaukeeBucks,747,380,216.740540795736
828,BrooklynNets,MilwaukeeBucks,747,380,223.651196956681
829,GoldenStateWarriors,MilwaukeeBucks,747,380,227.794728339308
830,LosAngelesLakers,MilwaukeeBucks,747,380,215.823827818277
831,PortlandTrailBlazers,MilwaukeeBucks,747,380,198.938259721935
832,MiamiHeat,MilwaukeeBucks,747,380,188.058852213567
833,OklahomaCityThunder,MilwaukeeBucks,747,380,228.091031986524
834,TorontoRaptors,MilwaukeeBucks,747,380,201.732035639156
835,PhoenixSuns,MilwaukeeBucks,747,380,229.585723129
836,SacramentoKings,MilwaukeeBucks,747,380,220.938259721935
837,HoustonRockets,MilwaukeeBucks,747,380,208.469325213123
838,MilwaukeeBucks,MilwaukeeBucks,747,380,240.52207940806
839,OrlandoMagic,MilwaukeeBucks,747,380,211.313898519773
840,BostonCeltics,MilwaukeeBucks,747,380,218.67707267524
841,DetroitPistons,OrlandoMagic,747,380,208.274869742302
842,ClevelandCavaliers,OrlandoMagic,747,380,213.48682459547
843,NewOrleansPelicans,OrlandoMagic,747,380,214.097258732771
844,WashingtonWizards,OrlandoMagic,747,380,224.785782046913
845,PhiladelphiaErs,OrlandoMagic,747,380,217.084051706348
846,ChicagoBulls,OrlandoMagic,747,380,195.774018011848
847,UtahJazz,OrlandoMagic,747,380,216.362168179207
848,CharlotteHornets,OrlandoMagic,747,380,216.788437100209
849,IndianaPacers,OrlandoMagic,747,380,199.035782046913
850,DenverNuggets,OrlandoMagic,747,380,214.212345973838
851,NewYorkKnicks,OrlandoMagic,747,380,214.114822607969
852,SanAntonioSpurs,OrlandoMagic,747,380,195.760320002815
853,DallasMavericks,OrlandoMagic,747,380,217.011008419359
854,LosAngelesClippers,OrlandoMagic,747,380,209.869443048949
855,MinnesotaTimberwolves,OrlandoMagic,747,380,209.760320002815
856,MemphisGrizzlies,OrlandoMagic,747,380,204.584478612462
857,AtlantaHawks,OrlandoMagic,747,380,220.99114982235
858,BrooklynNets,OrlandoMagic,747,380,212.396281926134
859,GoldenStateWarriors,OrlandoMagic,747,380,229.227288499409
860,LosAngelesLakers,OrlandoMagic,747,380,212.2074299024
861,PortlandTrailBlazers,OrlandoMagic,747,380,221.14195607472
862,MiamiHeat,OrlandoMagic,747,380,233.463721766033
863,OklahomaCityThunder,OrlandoMagic,747,380,240.862168179207
864,TorontoRaptors,OrlandoMagic,747,380,230.427052827756
865,PhoenixSuns,OrlandoMagic,747,380,225.588017850811
866,SacramentoKings,OrlandoMagic,747,380,227.220013629666
867,HoustonRockets,OrlandoMagic,747,380,239.898542527918
868,MilwaukeeBucks,OrlandoMagic,747,380,211.769560884776
869,OrlandoMagic,OrlandoMagic,747,380,232.462359109721
870,BostonCeltics,OrlandoMagic,747,380,223.684622287067
871,DetroitPistons,BostonCeltics,747,380,211.028507177172
872,ClevelandCavaliers,BostonCeltics,747,380,230.364606783799
873,NewOrleansPelicans,BostonCeltics,747,380,215.276835754518
874,WashingtonWizards,BostonCeltics,747,380,228.46303334949
875,PhiladelphiaErs,BostonCeltics,747,380,213.427052827756
876,ChicagoBulls,BostonCeltics,747,380,201.682591157459
877,UtahJazz,BostonCeltics,747,380,216.591031986523
878,CharlotteHornets,BostonCeltics,747,380,211.981220523847
879,IndianaPacers,BostonCeltics,747,380,210.90581739766
880,DenverNuggets,BostonCeltics,747,380,226.380060763999
881,NewYorkKnicks,BostonCeltics,747,380,221.033816034695
882,SanAntonioSpurs,BostonCeltics,747,380,218.573139401734
883,DallasMavericks,BostonCeltics,747,380,226.809278078793
884,LosAngelesClippers,BostonCeltics,747,380,217.147264932243
885,MinnesotaTimberwolves,BostonCeltics,747,380,226.165746696165
886,MemphisGrizzlies,BostonCeltics,747,380,217.267594872558
887,AtlantaHawks,BostonCeltics,747,380,213.941897156806
888,BrooklynNets,BostonCeltics,747,380,208.499407698202
889,GoldenStateWarriors,BostonCeltics,747,380,206.10361571379
890,LosAngelesLakers,BostonCeltics,747,380,214.625440323016
891,PortlandTrailBlazers,BostonCeltics,747,380,234.307312066574
892,MiamiHeat,BostonCeltics,747,380,205.614233428836
893,OklahomaCityThunder,BostonCeltics,747,380,196.870623488992
894,TorontoRaptors,BostonCeltics,747,380,217.667418118818
895,PhoenixSuns,BostonCeltics,747,380,214.169089541471
896,SacramentoKings,BostonCeltics,747,380,212.68029643565
897,HoustonRockets,BostonCeltics,747,380,217.276835754518
898,MilwaukeeBucks,BostonCeltics,747,380,208.610890583531
899,OrlandoMagic,BostonCeltics,747,380,213.727288499409
900,BostonCeltics,BostonCeltics,747,380,234.920446431309
