,gospodarz,gosc,daty,predykcja
1,DetroitPistons,DetroitPistons,17485,203.515676957797
2,ClevelandCavaliers,DetroitPistons,17485,204.727885978772
3,NewOrleansPelicans,DetroitPistons,17485,205.465350332226
4,WashingtonWizards,DetroitPistons,17485,200.060155284111
5,PhiladelphiaErs,DetroitPistons,17485,218.343876469057
6,ChicagoBulls,DetroitPistons,17485,220.698509613276
7,UtahJazz,DetroitPistons,17485,206.493824914717
8,CharlotteHornets,DetroitPistons,17485,200.53583086071
9,IndianaPacers,DetroitPistons,17485,198.568819162869
10,DenverNuggets,DetroitPistons,17485,206.143133671559
11,NewYorkKnicks,DetroitPistons,17485,196.487476637872
12,SanAntonioSpurs,DetroitPistons,17485,189.503506712708
13,DallasMavericks,DetroitPistons,17485,194.136161452082
14,LosAngelesClippers,DetroitPistons,17485,209.204480802227
15,MinnesotaTimberwolves,DetroitPistons,17485,199.690927502396
16,MemphisGrizzlies,DetroitPistons,17485,197.603688427805
17,AtlantaHawks,DetroitPistons,17485,213.072555893958
18,BrooklynNets,DetroitPistons,17485,210.12704467746
19,GoldenStateWarriors,DetroitPistons,17485,203.22782447372
20,LosAngelesLakers,DetroitPistons,17485,207.958055018092
21,PortlandTrailBlazers,DetroitPistons,17485,199.22855706277
22,MiamiHeat,DetroitPistons,17485,196.760870940278
23,OklahomaCityThunder,DetroitPistons,17485,220.975969287376
24,TorontoRaptors,DetroitPistons,17485,204.195723043752
25,PhoenixSuns,DetroitPistons,17485,206.382802007067
26,SacramentoKings,DetroitPistons,17485,199.58583708503
27,HoustonRockets,DetroitPistons,17485,189.589711897065
28,MilwaukeeBucks,DetroitPistons,17485,199.024834941648
29,OrlandoMagic,DetroitPistons,17485,217.116828126749
30,BostonCeltics,DetroitPistons,17485,200.583401135891
31,DetroitPistons,ClevelandCavaliers,17485,228.061371900557
32,ClevelandCavaliers,ClevelandCavaliers,17485,212.08214479179
33,NewOrleansPelicans,ClevelandCavaliers,17485,216.160013953446
34,WashingtonWizards,ClevelandCavaliers,17485,210.042987174955
35,PhiladelphiaErs,ClevelandCavaliers,17485,204.459652329061
36,ChicagoBulls,ClevelandCavaliers,17485,198.535939084256
37,UtahJazz,ClevelandCavaliers,17485,225.085145356333
38,CharlotteHornets,ClevelandCavaliers,17485,221.568151982619
39,IndianaPacers,ClevelandCavaliers,17485,217.83527064754
40,DenverNuggets,ClevelandCavaliers,17485,205.539507479383
41,NewYorkKnicks,ClevelandCavaliers,17485,202.110994138234
42,SanAntonioSpurs,ClevelandCavaliers,17485,192.571403565561
43,DallasMavericks,ClevelandCavaliers,17485,206.76126180839
44,LosAngelesClippers,ClevelandCavaliers,17485,200.4198642097
45,MinnesotaTimberwolves,ClevelandCavaliers,17485,217.509851723777
46,MemphisGrizzlies,ClevelandCavaliers,17485,190.329330428271
47,AtlantaHawks,ClevelandCavaliers,17485,201.739948429297
48,BrooklynNets,ClevelandCavaliers,17485,227.270491630583
49,GoldenStateWarriors,ClevelandCavaliers,17485,203.515400931782
50,LosAngelesLakers,ClevelandCavaliers,17485,206.628531900347
51,PortlandTrailBlazers,ClevelandCavaliers,17485,206.420372551121
52,MiamiHeat,ClevelandCavaliers,17485,209.565808921737
53,OklahomaCityThunder,ClevelandCavaliers,17485,213.313379945341
54,TorontoRaptors,ClevelandCavaliers,17485,204.756525464857
55,PhoenixSuns,ClevelandCavaliers,17485,212.07286611608
56,SacramentoKings,ClevelandCavaliers,17485,223.006918945685
57,HoustonRockets,ClevelandCavaliers,17485,190.600454318141
58,MilwaukeeBucks,ClevelandCavaliers,17485,213.88833390956
59,OrlandoMagic,ClevelandCavaliers,17485,206.609006299528
60,BostonCeltics,ClevelandCavaliers,17485,213.013341145479
61,DetroitPistons,NewOrleansPelicans,17485,205.606037253866
62,ClevelandCavaliers,NewOrleansPelicans,17485,195.479424117309
63,NewOrleansPelicans,NewOrleansPelicans,17485,218.273586860712
64,WashingtonWizards,NewOrleansPelicans,17485,205.538819670606
65,PhiladelphiaErs,NewOrleansPelicans,17485,203.722354189605
66,ChicagoBulls,NewOrleansPelicans,17485,208.04483986128
67,UtahJazz,NewOrleansPelicans,17485,210.179848933765
68,CharlotteHornets,NewOrleansPelicans,17485,211.233677596038
69,IndianaPacers,NewOrleansPelicans,17485,200.137066911644
70,DenverNuggets,NewOrleansPelicans,17485,211.330903237549
71,NewYorkKnicks,NewOrleansPelicans,17485,214.464213834613
72,SanAntonioSpurs,NewOrleansPelicans,17485,197.62634501857
73,DallasMavericks,NewOrleansPelicans,17485,193.601909066823
74,LosAngelesClippers,NewOrleansPelicans,17485,210.400592437482
75,MinnesotaTimberwolves,NewOrleansPelicans,17485,222.285305849633
76,MemphisGrizzlies,NewOrleansPelicans,17485,198.435810854905
77,AtlantaHawks,NewOrleansPelicans,17485,197.257319486245
78,BrooklynNets,NewOrleansPelicans,17485,205.154444436605
79,GoldenStateWarriors,NewOrleansPelicans,17485,210.480830515391
80,LosAngelesLakers,NewOrleansPelicans,17485,194.387022217193
81,PortlandTrailBlazers,NewOrleansPelicans,17485,203.296785952408
82,MiamiHeat,NewOrleansPelicans,17485,223.309485444537
83,OklahomaCityThunder,NewOrleansPelicans,17485,214.07154265682
84,TorontoRaptors,NewOrleansPelicans,17485,199.902451503479
85,PhoenixSuns,NewOrleansPelicans,17485,223.212233011246
86,SacramentoKings,NewOrleansPelicans,17485,206.439345583727
87,HoustonRockets,NewOrleansPelicans,17485,191.869929508963
88,MilwaukeeBucks,NewOrleansPelicans,17485,211.346325407715
89,OrlandoMagic,NewOrleansPelicans,17485,219.805619114389
90,BostonCeltics,NewOrleansPelicans,17485,205.864861422448
91,DetroitPistons,WashingtonWizards,17485,211.252617372066
92,ClevelandCavaliers,WashingtonWizards,17485,209.049232361892
93,NewOrleansPelicans,WashingtonWizards,17485,223.727987898525
94,WashingtonWizards,WashingtonWizards,17485,211.272464619363
95,PhiladelphiaErs,WashingtonWizards,17485,209.020087915393
96,ChicagoBulls,WashingtonWizards,17485,225.948311324164
97,UtahJazz,WashingtonWizards,17485,211.709821897386
98,CharlotteHornets,WashingtonWizards,17485,221.217278810567
99,IndianaPacers,WashingtonWizards,17485,213.091519391185
100,DenverNuggets,WashingtonWizards,17485,202.177684044271
101,NewYorkKnicks,WashingtonWizards,17485,223.750561878448
102,SanAntonioSpurs,WashingtonWizards,17485,208.483026064679
103,DallasMavericks,WashingtonWizards,17485,214.891767508694
104,LosAngelesClippers,WashingtonWizards,17485,214.908904265407
105,MinnesotaTimberwolves,WashingtonWizards,17485,213.444288429148
106,MemphisGrizzlies,WashingtonWizards,17485,208.25230923303
107,AtlantaHawks,WashingtonWizards,17485,207.342646313276
108,BrooklynNets,WashingtonWizards,17485,215.682978961767
109,GoldenStateWarriors,WashingtonWizards,17485,209.034233304894
110,LosAngelesLakers,WashingtonWizards,17485,194.375950044929
111,PortlandTrailBlazers,WashingtonWizards,17485,220.643285132311
112,MiamiHeat,WashingtonWizards,17485,204.738603901917
113,OklahomaCityThunder,WashingtonWizards,17485,218.84733028109
114,TorontoRaptors,WashingtonWizards,17485,214.589097825985
115,PhoenixSuns,WashingtonWizards,17485,221.13917460771
116,SacramentoKings,WashingtonWizards,17485,208.700539018198
117,HoustonRockets,WashingtonWizards,17485,198.051800238349
118,MilwaukeeBucks,WashingtonWizards,17485,220.036433467167
119,OrlandoMagic,WashingtonWizards,17485,225.024770924191
120,BostonCeltics,WashingtonWizards,17485,212.143098183603
121,DetroitPistons,PhiladelphiaErs,17485,212.662814920589
122,ClevelandCavaliers,PhiladelphiaErs,17485,211.209061100222
123,NewOrleansPelicans,PhiladelphiaErs,17485,219.713732270022
124,WashingtonWizards,PhiladelphiaErs,17485,207.493270269653
125,PhiladelphiaErs,PhiladelphiaErs,17485,208.092525582959
126,ChicagoBulls,PhiladelphiaErs,17485,213.894494639571
127,UtahJazz,PhiladelphiaErs,17485,211.483416622014
128,CharlotteHornets,PhiladelphiaErs,17485,211.804408163748
129,IndianaPacers,PhiladelphiaErs,17485,204.638017396953
130,DenverNuggets,PhiladelphiaErs,17485,209.967276853268
131,NewYorkKnicks,PhiladelphiaErs,17485,214.417904742904
132,SanAntonioSpurs,PhiladelphiaErs,17485,192.417662625723
133,DallasMavericks,PhiladelphiaErs,17485,214.15905908799
134,LosAngelesClippers,PhiladelphiaErs,17485,205.183201736456
135,MinnesotaTimberwolves,PhiladelphiaErs,17485,202.577012535961
136,MemphisGrizzlies,PhiladelphiaErs,17485,191.671864434035
137,AtlantaHawks,PhiladelphiaErs,17485,214.466270015275
138,BrooklynNets,PhiladelphiaErs,17485,214.7558790758
139,GoldenStateWarriors,PhiladelphiaErs,17485,198.548638135439
140,LosAngelesLakers,PhiladelphiaErs,17485,213.730854566216
141,PortlandTrailBlazers,PhiladelphiaErs,17485,211.120740173454
142,MiamiHeat,PhiladelphiaErs,17485,202.991211939273
143,OklahomaCityThunder,PhiladelphiaErs,17485,217.768134035127
144,TorontoRaptors,PhiladelphiaErs,17485,213.430444990659
145,PhoenixSuns,PhiladelphiaErs,17485,221.099855421108
146,SacramentoKings,PhiladelphiaErs,17485,207.536336377171
147,HoustonRockets,PhiladelphiaErs,17485,192.840011497979
148,MilwaukeeBucks,PhiladelphiaErs,17485,207.017543602888
149,OrlandoMagic,PhiladelphiaErs,17485,216.622963525652
150,BostonCeltics,PhiladelphiaErs,17485,208.833253960578
151,DetroitPistons,ChicagoBulls,17485,207.332677856083
152,ClevelandCavaliers,ChicagoBulls,17485,207.606479696722
153,NewOrleansPelicans,ChicagoBulls,17485,209.333889835702
154,WashingtonWizards,ChicagoBulls,17485,204.253896393192
155,PhiladelphiaErs,ChicagoBulls,17485,204.262261088667
156,ChicagoBulls,ChicagoBulls,17485,200.601014048984
157,UtahJazz,ChicagoBulls,17485,220.706316251955
158,CharlotteHornets,ChicagoBulls,17485,211.541026863446
159,IndianaPacers,ChicagoBulls,17485,203.166459365715
160,DenverNuggets,ChicagoBulls,17485,220.489226186506
161,NewYorkKnicks,ChicagoBulls,17485,204.717797131398
162,SanAntonioSpurs,ChicagoBulls,17485,207.655745426198
163,DallasMavericks,ChicagoBulls,17485,205.899773220547
164,LosAngelesClippers,ChicagoBulls,17485,204.974487314662
165,MinnesotaTimberwolves,ChicagoBulls,17485,209.510419035431
166,MemphisGrizzlies,ChicagoBulls,17485,203.760560336189
167,AtlantaHawks,ChicagoBulls,17485,204.145020984077
168,BrooklynNets,ChicagoBulls,17485,211.551441851915
169,GoldenStateWarriors,ChicagoBulls,17485,201.883281040204
170,LosAngelesLakers,ChicagoBulls,17485,196.437138469263
171,PortlandTrailBlazers,ChicagoBulls,17485,210.153928946909
172,MiamiHeat,ChicagoBulls,17485,210.142111426156
173,OklahomaCityThunder,ChicagoBulls,17485,216.745333323205
174,TorontoRaptors,ChicagoBulls,17485,199.240632397631
175,PhoenixSuns,ChicagoBulls,17485,217.63612359686
176,SacramentoKings,ChicagoBulls,17485,212.107289580432
177,HoustonRockets,ChicagoBulls,17485,191.714538227023
178,MilwaukeeBucks,ChicagoBulls,17485,211.024639112334
179,OrlandoMagic,ChicagoBulls,17485,211.792241611716
180,BostonCeltics,ChicagoBulls,17485,205.394045865184
181,DetroitPistons,UtahJazz,17485,200.346792694873
182,ClevelandCavaliers,UtahJazz,17485,202.818659945111
183,NewOrleansPelicans,UtahJazz,17485,196.233371305523
184,WashingtonWizards,UtahJazz,17485,195.017578884111
185,PhiladelphiaErs,UtahJazz,17485,191.287985871189
186,ChicagoBulls,UtahJazz,17485,202.165526520776
187,UtahJazz,UtahJazz,17485,203.509166523113
188,CharlotteHornets,UtahJazz,17485,206.021943777196
189,IndianaPacers,UtahJazz,17485,193.444442484342
190,DenverNuggets,UtahJazz,17485,196.642289683837
191,NewYorkKnicks,UtahJazz,17485,191.215974134884
192,SanAntonioSpurs,UtahJazz,17485,201.679956411934
193,DallasMavericks,UtahJazz,17485,208.758871258659
194,LosAngelesClippers,UtahJazz,17485,202.876376020773
195,MinnesotaTimberwolves,UtahJazz,17485,192.513584117656
196,MemphisGrizzlies,UtahJazz,17485,181.288545591938
197,AtlantaHawks,UtahJazz,17485,187.675344851133
198,BrooklynNets,UtahJazz,17485,197.308040883953
199,GoldenStateWarriors,UtahJazz,17485,188.085715889664
200,LosAngelesLakers,UtahJazz,17485,190.038572695971
201,PortlandTrailBlazers,UtahJazz,17485,196.265609107584
202,MiamiHeat,UtahJazz,17485,208.477367433996
203,OklahomaCityThunder,UtahJazz,17485,208.140531548813
204,TorontoRaptors,UtahJazz,17485,209.295637070876
205,PhoenixSuns,UtahJazz,17485,194.698162535716
206,SacramentoKings,UtahJazz,17485,195.283017535546
207,HoustonRockets,UtahJazz,17485,194.028678877949
208,MilwaukeeBucks,UtahJazz,17485,205.500239366343
209,OrlandoMagic,UtahJazz,17485,200.432851179414
210,BostonCeltics,UtahJazz,17485,192.168552373163
211,DetroitPistons,CharlotteHornets,17485,192.951147238204
212,ClevelandCavaliers,CharlotteHornets,17485,211.325669251319
213,NewOrleansPelicans,CharlotteHornets,17485,215.649304785719
214,WashingtonWizards,CharlotteHornets,17485,196.665212750059
215,PhiladelphiaErs,CharlotteHornets,17485,202.015418577996
216,ChicagoBulls,CharlotteHornets,17485,208.113412523201
217,UtahJazz,CharlotteHornets,17485,218.038339117335
218,CharlotteHornets,CharlotteHornets,17485,214.899793375324
219,IndianaPacers,CharlotteHornets,17485,197.659794678528
220,DenverNuggets,CharlotteHornets,17485,198.884328367422
221,NewYorkKnicks,CharlotteHornets,17485,207.575049110532
222,SanAntonioSpurs,CharlotteHornets,17485,201.023113008154
223,DallasMavericks,CharlotteHornets,17485,205.080610362944
224,LosAngelesClippers,CharlotteHornets,17485,200.350405929115
225,MinnesotaTimberwolves,CharlotteHornets,17485,207.94263380458
226,MemphisGrizzlies,CharlotteHornets,17485,203.065474383324
227,AtlantaHawks,CharlotteHornets,17485,206.197751134852
228,BrooklynNets,CharlotteHornets,17485,215.052196090115
229,GoldenStateWarriors,CharlotteHornets,17485,210.452936523612
230,LosAngelesLakers,CharlotteHornets,17485,213.812504719697
231,PortlandTrailBlazers,CharlotteHornets,17485,208.684526476116
232,MiamiHeat,CharlotteHornets,17485,205.695979296376
233,OklahomaCityThunder,CharlotteHornets,17485,215.399468889941
234,TorontoRaptors,CharlotteHornets,17485,211.880104439315
235,PhoenixSuns,CharlotteHornets,17485,208.027979838606
236,SacramentoKings,CharlotteHornets,17485,201.791529333991
237,HoustonRockets,CharlotteHornets,17485,193.784485236492
238,MilwaukeeBucks,CharlotteHornets,17485,208.35231884358
239,OrlandoMagic,CharlotteHornets,17485,219.535919674061
240,BostonCeltics,CharlotteHornets,17485,202.871257880379
241,DetroitPistons,IndianaPacers,17485,197.923095318122
242,ClevelandCavaliers,IndianaPacers,17485,218.422510333672
243,NewOrleansPelicans,IndianaPacers,17485,208.162615308078
244,WashingtonWizards,IndianaPacers,17485,203.292470364337
245,PhiladelphiaErs,IndianaPacers,17485,214.127441927411
246,ChicagoBulls,IndianaPacers,17485,223.869478531655
247,UtahJazz,IndianaPacers,17485,202.233436161879
248,CharlotteHornets,IndianaPacers,17485,209.049408223066
249,IndianaPacers,IndianaPacers,17485,205.630441140141
250,DenverNuggets,IndianaPacers,17485,203.10011714419
251,NewYorkKnicks,IndianaPacers,17485,203.981450130964
252,SanAntonioSpurs,IndianaPacers,17485,200.885921585165
253,DallasMavericks,IndianaPacers,17485,209.969266327985
254,LosAngelesClippers,IndianaPacers,17485,204.453149810381
255,MinnesotaTimberwolves,IndianaPacers,17485,211.61755301844
256,MemphisGrizzlies,IndianaPacers,17485,198.74972370039
257,AtlantaHawks,IndianaPacers,17485,198.239319027844
258,BrooklynNets,IndianaPacers,17485,215.271085473037
259,GoldenStateWarriors,IndianaPacers,17485,206.242914207667
260,LosAngelesLakers,IndianaPacers,17485,203.865677773654
261,PortlandTrailBlazers,IndianaPacers,17485,210.452794421812
262,MiamiHeat,IndianaPacers,17485,207.158745660674
263,OklahomaCityThunder,IndianaPacers,17485,218.404670111439
264,TorontoRaptors,IndianaPacers,17485,200.317805258265
265,PhoenixSuns,IndianaPacers,17485,232.358173500445
266,SacramentoKings,IndianaPacers,17485,207.096866571306
267,HoustonRockets,IndianaPacers,17485,209.450968895725
268,MilwaukeeBucks,IndianaPacers,17485,210.271586387557
269,OrlandoMagic,IndianaPacers,17485,228.209025803101
270,BostonCeltics,IndianaPacers,17485,203.160091330896
271,DetroitPistons,DenverNuggets,17485,213.10630545728
272,ClevelandCavaliers,DenverNuggets,17485,220.155003314656
273,NewOrleansPelicans,DenverNuggets,17485,215.005534305255
274,WashingtonWizards,DenverNuggets,17485,199.273260079873
275,PhiladelphiaErs,DenverNuggets,17485,210.050823075232
276,ChicagoBulls,DenverNuggets,17485,217.556062716708
277,UtahJazz,DenverNuggets,17485,218.994091561587
278,CharlotteHornets,DenverNuggets,17485,215.285953863239
279,IndianaPacers,DenverNuggets,17485,220.24975094419
280,DenverNuggets,DenverNuggets,17485,212.210278280888
281,NewYorkKnicks,DenverNuggets,17485,202.172765370388
282,SanAntonioSpurs,DenverNuggets,17485,206.510867535697
283,DallasMavericks,DenverNuggets,17485,205.509467755239
284,LosAngelesClippers,DenverNuggets,17485,219.587413967062
285,MinnesotaTimberwolves,DenverNuggets,17485,202.039830957463
286,MemphisGrizzlies,DenverNuggets,17485,202.013094639277
287,AtlantaHawks,DenverNuggets,17485,206.911417256559
288,BrooklynNets,DenverNuggets,17485,210.871107598641
289,GoldenStateWarriors,DenverNuggets,17485,199.492843681435
290,LosAngelesLakers,DenverNuggets,17485,221.405480270863
291,PortlandTrailBlazers,DenverNuggets,17485,221.172995264456
292,MiamiHeat,DenverNuggets,17485,211.871721944792
293,OklahomaCityThunder,DenverNuggets,17485,217.763515370152
294,TorontoRaptors,DenverNuggets,17485,220.515963662379
295,PhoenixSuns,DenverNuggets,17485,217.510811387691
296,SacramentoKings,DenverNuggets,17485,226.320389721164
297,HoustonRockets,DenverNuggets,17485,191.834740585065
298,MilwaukeeBucks,DenverNuggets,17485,220.062046637295
299,OrlandoMagic,DenverNuggets,17485,225.505198292823
300,BostonCeltics,DenverNuggets,17485,223.116553023638
301,DetroitPistons,NewYorkKnicks,17485,218.129712686646
302,ClevelandCavaliers,NewYorkKnicks,17485,202.405157462518
303,NewOrleansPelicans,NewYorkKnicks,17485,218.046919691349
304,WashingtonWizards,NewYorkKnicks,17485,207.410287108157
305,PhiladelphiaErs,NewYorkKnicks,17485,204.621106410345
306,ChicagoBulls,NewYorkKnicks,17485,210.752897623025
307,UtahJazz,NewYorkKnicks,17485,202.06717787145
308,CharlotteHornets,NewYorkKnicks,17485,204.081452678775
309,IndianaPacers,NewYorkKnicks,17485,209.22192475174
310,DenverNuggets,NewYorkKnicks,17485,211.640303259929
311,NewYorkKnicks,NewYorkKnicks,17485,205.432908788227
312,SanAntonioSpurs,NewYorkKnicks,17485,201.623171042091
313,DallasMavericks,NewYorkKnicks,17485,196.611712147353
314,LosAngelesClippers,NewYorkKnicks,17485,205.239364913859
315,MinnesotaTimberwolves,NewYorkKnicks,17485,205.289877709887
316,MemphisGrizzlies,NewYorkKnicks,17485,197.210224872535
317,AtlantaHawks,NewYorkKnicks,17485,207.747653076766
318,BrooklynNets,NewYorkKnicks,17485,213.35773217731
319,GoldenStateWarriors,NewYorkKnicks,17485,203.738329478646
320,LosAngelesLakers,NewYorkKnicks,17485,203.870033947603
321,PortlandTrailBlazers,NewYorkKnicks,17485,208.083810328921
322,MiamiHeat,NewYorkKnicks,17485,198.308083668723
323,OklahomaCityThunder,NewYorkKnicks,17485,221.534259063057
324,TorontoRaptors,NewYorkKnicks,17485,205.216657374231
325,PhoenixSuns,NewYorkKnicks,17485,217.927545451579
326,SacramentoKings,NewYorkKnicks,17485,204.492761260416
327,HoustonRockets,NewYorkKnicks,17485,197.385825791913
328,MilwaukeeBucks,NewYorkKnicks,17485,201.414368979133
329,OrlandoMagic,NewYorkKnicks,17485,207.603846590937
330,BostonCeltics,NewYorkKnicks,17485,196.815993212762
331,DetroitPistons,SanAntonioSpurs,17485,201.61727971449
332,ClevelandCavaliers,SanAntonioSpurs,17485,215.346149545657
333,NewOrleansPelicans,SanAntonioSpurs,17485,209.838114816412
334,WashingtonWizards,SanAntonioSpurs,17485,203.821767892446
335,PhiladelphiaErs,SanAntonioSpurs,17485,200.702243330584
336,ChicagoBulls,SanAntonioSpurs,17485,203.611924948415
337,UtahJazz,SanAntonioSpurs,17485,201.37622470494
338,CharlotteHornets,SanAntonioSpurs,17485,202.531168357029
339,IndianaPacers,SanAntonioSpurs,17485,198.465805268598
340,DenverNuggets,SanAntonioSpurs,17485,201.635859531808
341,NewYorkKnicks,SanAntonioSpurs,17485,199.003018040654
342,SanAntonioSpurs,SanAntonioSpurs,17485,197.462096070653
343,DallasMavericks,SanAntonioSpurs,17485,192.798848798519
344,LosAngelesClippers,SanAntonioSpurs,17485,200.885976644534
345,MinnesotaTimberwolves,SanAntonioSpurs,17485,198.01797446564
346,MemphisGrizzlies,SanAntonioSpurs,17485,194.136068713615
347,AtlantaHawks,SanAntonioSpurs,17485,185.914594238183
348,BrooklynNets,SanAntonioSpurs,17485,205.373274989318
349,GoldenStateWarriors,SanAntonioSpurs,17485,199.406105476727
350,LosAngelesLakers,SanAntonioSpurs,17485,196.807757750759
351,PortlandTrailBlazers,SanAntonioSpurs,17485,197.19625210884
352,MiamiHeat,SanAntonioSpurs,17485,202.079382062603
353,OklahomaCityThunder,SanAntonioSpurs,17485,200.518511064763
354,TorontoRaptors,SanAntonioSpurs,17485,190.995968552059
355,PhoenixSuns,SanAntonioSpurs,17485,201.958608226126
356,SacramentoKings,SanAntonioSpurs,17485,213.463707639074
357,HoustonRockets,SanAntonioSpurs,17485,186.77680730023
358,MilwaukeeBucks,SanAntonioSpurs,17485,202.208618880032
359,OrlandoMagic,SanAntonioSpurs,17485,213.788527444071
360,BostonCeltics,SanAntonioSpurs,17485,206.960244047649
361,DetroitPistons,DallasMavericks,17485,200.641420501305
362,ClevelandCavaliers,DallasMavericks,17485,208.527891496331
363,NewOrleansPelicans,DallasMavericks,17485,216.455019843523
364,WashingtonWizards,DallasMavericks,17485,200.978894127221
365,PhiladelphiaErs,DallasMavericks,17485,193.403292514138
366,ChicagoBulls,DallasMavericks,17485,209.303145741711
367,UtahJazz,DallasMavericks,17485,214.254017234289
368,CharlotteHornets,DallasMavericks,17485,209.993589251414
369,IndianaPacers,DallasMavericks,17485,208.965921837656
370,DenverNuggets,DallasMavericks,17485,196.27245282168
371,NewYorkKnicks,DallasMavericks,17485,197.742902922604
372,SanAntonioSpurs,DallasMavericks,17485,192.08762720524
373,DallasMavericks,DallasMavericks,17485,197.30921498435
374,LosAngelesClippers,DallasMavericks,17485,197.209485916712
375,MinnesotaTimberwolves,DallasMavericks,17485,190.840108400785
376,MemphisGrizzlies,DallasMavericks,17485,197.582808603866
377,AtlantaHawks,DallasMavericks,17485,187.718029736718
378,BrooklynNets,DallasMavericks,17485,213.541090871471
379,GoldenStateWarriors,DallasMavericks,17485,192.815064806033
380,LosAngelesLakers,DallasMavericks,17485,199.672342958766
381,PortlandTrailBlazers,DallasMavericks,17485,215.238232844968
382,MiamiHeat,DallasMavericks,17485,195.664583994555
383,OklahomaCityThunder,DallasMavericks,17485,205.249212076896
384,TorontoRaptors,DallasMavericks,17485,192.374637633089
385,PhoenixSuns,DallasMavericks,17485,210.280678922002
386,SacramentoKings,DallasMavericks,17485,197.185663727556
387,HoustonRockets,DallasMavericks,17485,191.165824455673
388,MilwaukeeBucks,DallasMavericks,17485,201.562280190194
389,OrlandoMagic,DallasMavericks,17485,220.077487408015
390,BostonCeltics,DallasMavericks,17485,193.978009169875
391,DetroitPistons,LosAngelesClippers,17485,200.747092693919
392,ClevelandCavaliers,LosAngelesClippers,17485,213.370772312283
393,NewOrleansPelicans,LosAngelesClippers,17485,226.325636371021
394,WashingtonWizards,LosAngelesClippers,17485,207.237953753998
395,PhiladelphiaErs,LosAngelesClippers,17485,208.742041263173
396,ChicagoBulls,LosAngelesClippers,17485,203.866101140864
397,UtahJazz,LosAngelesClippers,17485,206.949444822148
398,CharlotteHornets,LosAngelesClippers,17485,218.7001686634
399,IndianaPacers,LosAngelesClippers,17485,190.010146894063
400,DenverNuggets,LosAngelesClippers,17485,213.941256008525
401,NewYorkKnicks,LosAngelesClippers,17485,206.732810227064
402,SanAntonioSpurs,LosAngelesClippers,17485,204.780622774552
403,DallasMavericks,LosAngelesClippers,17485,209.318670972932
404,LosAngelesClippers,LosAngelesClippers,17485,225.882019972121
405,MinnesotaTimberwolves,LosAngelesClippers,17485,206.322234348113
406,MemphisGrizzlies,LosAngelesClippers,17485,203.594989608424
407,AtlantaHawks,LosAngelesClippers,17485,191.250721182083
408,BrooklynNets,LosAngelesClippers,17485,215.205226007895
409,GoldenStateWarriors,LosAngelesClippers,17485,205.736979349058
410,LosAngelesLakers,LosAngelesClippers,17485,209.240296734055
411,PortlandTrailBlazers,LosAngelesClippers,17485,221.025132065121
412,MiamiHeat,LosAngelesClippers,17485,217.562247699775
413,OklahomaCityThunder,LosAngelesClippers,17485,226.268437497317
414,TorontoRaptors,LosAngelesClippers,17485,214.201497854591
415,PhoenixSuns,LosAngelesClippers,17485,222.520269937556
416,SacramentoKings,LosAngelesClippers,17485,211.660712544224
417,HoustonRockets,LosAngelesClippers,17485,199.262927504704
418,MilwaukeeBucks,LosAngelesClippers,17485,220.044990068169
419,OrlandoMagic,LosAngelesClippers,17485,225.113332600714
420,BostonCeltics,LosAngelesClippers,17485,202.726525314868
421,DetroitPistons,MinnesotaTimberwolves,17485,205.81506138807
422,ClevelandCavaliers,MinnesotaTimberwolves,17485,217.630234045105
423,NewOrleansPelicans,MinnesotaTimberwolves,17485,210.740715486976
424,WashingtonWizards,MinnesotaTimberwolves,17485,209.161917261826
425,PhiladelphiaErs,MinnesotaTimberwolves,17485,204.267652651299
426,ChicagoBulls,MinnesotaTimberwolves,17485,207.065079197537
427,UtahJazz,MinnesotaTimberwolves,17485,216.46785702257
428,CharlotteHornets,MinnesotaTimberwolves,17485,205.119156106547
429,IndianaPacers,MinnesotaTimberwolves,17485,216.028222124432
430,DenverNuggets,MinnesotaTimberwolves,17485,220.087245709733
431,NewYorkKnicks,MinnesotaTimberwolves,17485,208.274722523207
432,SanAntonioSpurs,MinnesotaTimberwolves,17485,205.510148396709
433,DallasMavericks,MinnesotaTimberwolves,17485,206.216707204068
434,LosAngelesClippers,MinnesotaTimberwolves,17485,215.274008341929
435,MinnesotaTimberwolves,MinnesotaTimberwolves,17485,211.703521335928
436,MemphisGrizzlies,MinnesotaTimberwolves,17485,201.745551677307
437,AtlantaHawks,MinnesotaTimberwolves,17485,200.008178798076
438,BrooklynNets,MinnesotaTimberwolves,17485,227.060811101604
439,GoldenStateWarriors,MinnesotaTimberwolves,17485,213.306507406789
440,LosAngelesLakers,MinnesotaTimberwolves,17485,213.957839054689
441,PortlandTrailBlazers,MinnesotaTimberwolves,17485,211.799065042197
442,MiamiHeat,MinnesotaTimberwolves,17485,220.119766775747
443,OklahomaCityThunder,MinnesotaTimberwolves,17485,230.402557420739
444,TorontoRaptors,MinnesotaTimberwolves,17485,216.388789276411
445,PhoenixSuns,MinnesotaTimberwolves,17485,208.707809788122
446,SacramentoKings,MinnesotaTimberwolves,17485,225.296794006304
447,HoustonRockets,MinnesotaTimberwolves,17485,199.029278446905
448,MilwaukeeBucks,MinnesotaTimberwolves,17485,210.731694577026
449,OrlandoMagic,MinnesotaTimberwolves,17485,225.231185108546
450,BostonCeltics,MinnesotaTimberwolves,17485,217.314718519758
451,DetroitPistons,MemphisGrizzlies,17485,193.499491212329
452,ClevelandCavaliers,MemphisGrizzlies,17485,202.71230354273
453,NewOrleansPelicans,MemphisGrizzlies,17485,208.060114833037
454,WashingtonWizards,MemphisGrizzlies,17485,196.554569566362
455,PhiladelphiaErs,MemphisGrizzlies,17485,200.724544419276
456,ChicagoBulls,MemphisGrizzlies,17485,201.520227629106
457,UtahJazz,MemphisGrizzlies,17485,204.698977277066
458,CharlotteHornets,MemphisGrizzlies,17485,199.219544853404
459,IndianaPacers,MemphisGrizzlies,17485,200.575755284398
460,DenverNuggets,MemphisGrizzlies,17485,202.962680388244
461,NewYorkKnicks,MemphisGrizzlies,17485,204.460876056861
462,SanAntonioSpurs,MemphisGrizzlies,17485,190.101529328364
463,DallasMavericks,MemphisGrizzlies,17485,188.790648506102
464,LosAngelesClippers,MemphisGrizzlies,17485,208.288958067955
465,MinnesotaTimberwolves,MemphisGrizzlies,17485,205.219400926903
466,MemphisGrizzlies,MemphisGrizzlies,17485,196.329485065641
467,AtlantaHawks,MemphisGrizzlies,17485,191.103292084877
468,BrooklynNets,MemphisGrizzlies,17485,201.411245548446
469,GoldenStateWarriors,MemphisGrizzlies,17485,191.457106638611
470,LosAngelesLakers,MemphisGrizzlies,17485,209.508091813452
471,PortlandTrailBlazers,MemphisGrizzlies,17485,205.323089559634
472,MiamiHeat,MemphisGrizzlies,17485,195.850227723001
473,OklahomaCityThunder,MemphisGrizzlies,17485,208.653984075564
474,TorontoRaptors,MemphisGrizzlies,17485,197.133398319646
475,PhoenixSuns,MemphisGrizzlies,17485,205.617476700023
476,SacramentoKings,MemphisGrizzlies,17485,208.547255045954
477,HoustonRockets,MemphisGrizzlies,17485,187.624695467661
478,MilwaukeeBucks,MemphisGrizzlies,17485,205.059661286148
479,OrlandoMagic,MemphisGrizzlies,17485,213.418750634734
480,BostonCeltics,MemphisGrizzlies,17485,202.077606517028
481,DetroitPistons,AtlantaHawks,17485,204.391241681814
482,ClevelandCavaliers,AtlantaHawks,17485,212.174628697248
483,NewOrleansPelicans,AtlantaHawks,17485,208.000898416661
484,WashingtonWizards,AtlantaHawks,17485,207.214978615802
485,PhiladelphiaErs,AtlantaHawks,17485,205.525279071641
486,ChicagoBulls,AtlantaHawks,17485,207.375513777547
487,UtahJazz,AtlantaHawks,17485,211.318421179963
488,CharlotteHornets,AtlantaHawks,17485,202.257704355457
489,IndianaPacers,AtlantaHawks,17485,192.646080199888
490,DenverNuggets,AtlantaHawks,17485,211.844507154301
491,NewYorkKnicks,AtlantaHawks,17485,197.787063394693
492,SanAntonioSpurs,AtlantaHawks,17485,199.810841874236
493,DallasMavericks,AtlantaHawks,17485,199.317051167944
494,LosAngelesClippers,AtlantaHawks,17485,205.089876077055
495,MinnesotaTimberwolves,AtlantaHawks,17485,199.23674887443
496,MemphisGrizzlies,AtlantaHawks,17485,202.68169786059
497,AtlantaHawks,AtlantaHawks,17485,203.377307877013
498,BrooklynNets,AtlantaHawks,17485,208.393222009286
499,GoldenStateWarriors,AtlantaHawks,17485,211.278988282045
500,LosAngelesLakers,AtlantaHawks,17485,199.042554217735
501,PortlandTrailBlazers,AtlantaHawks,17485,199.973991080073
502,MiamiHeat,AtlantaHawks,17485,196.418215508126
503,OklahomaCityThunder,AtlantaHawks,17485,220.769163583738
504,TorontoRaptors,AtlantaHawks,17485,206.465963897892
505,PhoenixSuns,AtlantaHawks,17485,215.725930052236
506,SacramentoKings,AtlantaHawks,17485,199.397500569297
507,HoustonRockets,AtlantaHawks,17485,184.05861604979
508,MilwaukeeBucks,AtlantaHawks,17485,207.345390043511
509,OrlandoMagic,AtlantaHawks,17485,211.59127111276
510,BostonCeltics,AtlantaHawks,17485,196.552006053317
511,DetroitPistons,BrooklynNets,17485,204.361134405634
512,ClevelandCavaliers,BrooklynNets,17485,211.57575184911
513,NewOrleansPelicans,BrooklynNets,17485,216.093305327497
514,WashingtonWizards,BrooklynNets,17485,207.562942445731
515,PhiladelphiaErs,BrooklynNets,17485,214.073608445548
516,ChicagoBulls,BrooklynNets,17485,219.230272770668
517,UtahJazz,BrooklynNets,17485,224.380584467548
518,CharlotteHornets,BrooklynNets,17485,216.73044425088
519,IndianaPacers,BrooklynNets,17485,225.146193456247
520,DenverNuggets,BrooklynNets,17485,218.279150900304
521,NewYorkKnicks,BrooklynNets,17485,212.26701163353
522,SanAntonioSpurs,BrooklynNets,17485,202.873721096813
523,DallasMavericks,BrooklynNets,17485,198.13247299038
524,LosAngelesClippers,BrooklynNets,17485,217.585590344769
525,MinnesotaTimberwolves,BrooklynNets,17485,230.375907067519
526,MemphisGrizzlies,BrooklynNets,17485,206.905573972092
527,AtlantaHawks,BrooklynNets,17485,203.509199669884
528,BrooklynNets,BrooklynNets,17485,222.391381514456
529,GoldenStateWarriors,BrooklynNets,17485,201.67064173588
530,LosAngelesLakers,BrooklynNets,17485,220.921095944332
531,PortlandTrailBlazers,BrooklynNets,17485,215.809680491747
532,MiamiHeat,BrooklynNets,17485,216.702164112928
533,OklahomaCityThunder,BrooklynNets,17485,220.735473031088
534,TorontoRaptors,BrooklynNets,17485,207.359898962941
535,PhoenixSuns,BrooklynNets,17485,227.767321632991
536,SacramentoKings,BrooklynNets,17485,222.584607029649
537,HoustonRockets,BrooklynNets,17485,200.683525459851
538,MilwaukeeBucks,BrooklynNets,17485,218.300384246604
539,OrlandoMagic,BrooklynNets,17485,214.364036160889
540,BostonCeltics,BrooklynNets,17485,209.545280210671
541,DetroitPistons,GoldenStateWarriors,17485,213.188005637874
542,ClevelandCavaliers,GoldenStateWarriors,17485,222.237367001664
543,NewOrleansPelicans,GoldenStateWarriors,17485,224.877953892894
544,WashingtonWizards,GoldenStateWarriors,17485,220.280755143002
545,PhiladelphiaErs,GoldenStateWarriors,17485,218.693441268772
546,ChicagoBulls,GoldenStateWarriors,17485,229.584189908969
547,UtahJazz,GoldenStateWarriors,17485,232.979357902651
548,CharlotteHornets,GoldenStateWarriors,17485,220.654300375101
549,IndianaPacers,GoldenStateWarriors,17485,222.062837633255
550,DenverNuggets,GoldenStateWarriors,17485,226.054277555807
551,NewYorkKnicks,GoldenStateWarriors,17485,230.201314249938
552,SanAntonioSpurs,GoldenStateWarriors,17485,197.670800766268
553,DallasMavericks,GoldenStateWarriors,17485,216.924363742568
554,LosAngelesClippers,GoldenStateWarriors,17485,219.963154385549
555,MinnesotaTimberwolves,GoldenStateWarriors,17485,222.03124548744
556,MemphisGrizzlies,GoldenStateWarriors,17485,205.128287240094
557,AtlantaHawks,GoldenStateWarriors,17485,205.417865175154
558,BrooklynNets,GoldenStateWarriors,17485,227.638688878589
559,GoldenStateWarriors,GoldenStateWarriors,17485,216.004174551656
560,LosAngelesLakers,GoldenStateWarriors,17485,222.358396505724
561,PortlandTrailBlazers,GoldenStateWarriors,17485,218.265991188704
562,MiamiHeat,GoldenStateWarriors,17485,215.820967840635
563,OklahomaCityThunder,GoldenStateWarriors,17485,217.726526532122
564,TorontoRaptors,GoldenStateWarriors,17485,215.1110468498
565,PhoenixSuns,GoldenStateWarriors,17485,227.60353028083
566,SacramentoKings,GoldenStateWarriors,17485,209.983072102434
567,HoustonRockets,GoldenStateWarriors,17485,203.829647313661
568,MilwaukeeBucks,GoldenStateWarriors,17485,224.898223976699
569,OrlandoMagic,GoldenStateWarriors,17485,219.731495032955
570,BostonCeltics,GoldenStateWarriors,17485,216.15578234686
571,DetroitPistons,LosAngelesLakers,17485,211.858663199831
572,ClevelandCavaliers,LosAngelesLakers,17485,221.172303652135
573,NewOrleansPelicans,LosAngelesLakers,17485,230.237652519213
574,WashingtonWizards,LosAngelesLakers,17485,215.776076862969
575,PhiladelphiaErs,LosAngelesLakers,17485,201.096102758764
576,ChicagoBulls,LosAngelesLakers,17485,215.420983852712
577,UtahJazz,LosAngelesLakers,17485,210.349866740544
578,CharlotteHornets,LosAngelesLakers,17485,218.052028894223
579,IndianaPacers,LosAngelesLakers,17485,204.535080406007
580,DenverNuggets,LosAngelesLakers,17485,203.067785545241
581,NewYorkKnicks,LosAngelesLakers,17485,202.46395959749
582,SanAntonioSpurs,LosAngelesLakers,17485,205.95905045718
583,DallasMavericks,LosAngelesLakers,17485,203.016950552885
584,LosAngelesClippers,LosAngelesLakers,17485,213.636819629023
585,MinnesotaTimberwolves,LosAngelesLakers,17485,223.694004258967
586,MemphisGrizzlies,LosAngelesLakers,17485,212.242103897935
587,AtlantaHawks,LosAngelesLakers,17485,209.30079751524
588,BrooklynNets,LosAngelesLakers,17485,215.713711388859
589,GoldenStateWarriors,LosAngelesLakers,17485,210.232352384201
590,LosAngelesLakers,LosAngelesLakers,17485,202.962230747344
591,PortlandTrailBlazers,LosAngelesLakers,17485,208.55734918112
592,MiamiHeat,LosAngelesLakers,17485,215.339638173776
593,OklahomaCityThunder,LosAngelesLakers,17485,228.348083663811
594,TorontoRaptors,LosAngelesLakers,17485,209.731366305957
595,PhoenixSuns,LosAngelesLakers,17485,222.45738302116
596,SacramentoKings,LosAngelesLakers,17485,209.672459259358
597,HoustonRockets,LosAngelesLakers,17485,191.699073100809
598,MilwaukeeBucks,LosAngelesLakers,17485,204.967889340003
599,OrlandoMagic,LosAngelesLakers,17485,217.403809324157
600,BostonCeltics,LosAngelesLakers,17485,207.68159793811
601,DetroitPistons,PortlandTrailBlazers,17485,208.009663669412
602,ClevelandCavaliers,PortlandTrailBlazers,17485,221.705637875048
603,NewOrleansPelicans,PortlandTrailBlazers,17485,212.350246544623
604,WashingtonWizards,PortlandTrailBlazers,17485,207.723478177199
605,PhiladelphiaErs,PortlandTrailBlazers,17485,202.077486234989
606,ChicagoBulls,PortlandTrailBlazers,17485,212.543235951223
607,UtahJazz,PortlandTrailBlazers,17485,209.483910512395
608,CharlotteHornets,PortlandTrailBlazers,17485,217.379825480928
609,IndianaPacers,PortlandTrailBlazers,17485,214.148955680147
610,DenverNuggets,PortlandTrailBlazers,17485,218.030540448314
611,NewYorkKnicks,PortlandTrailBlazers,17485,203.522198872248
612,SanAntonioSpurs,PortlandTrailBlazers,17485,204.983688224892
613,DallasMavericks,PortlandTrailBlazers,17485,217.72584403251
614,LosAngelesClippers,PortlandTrailBlazers,17485,220.986856036311
615,MinnesotaTimberwolves,PortlandTrailBlazers,17485,208.082494177038
616,MemphisGrizzlies,PortlandTrailBlazers,17485,199.805305433639
617,AtlantaHawks,PortlandTrailBlazers,17485,207.948056132768
618,BrooklynNets,PortlandTrailBlazers,17485,214.532606645091
619,GoldenStateWarriors,PortlandTrailBlazers,17485,217.571213714689
620,LosAngelesLakers,PortlandTrailBlazers,17485,206.349105607957
621,PortlandTrailBlazers,PortlandTrailBlazers,17485,221.619485377705
622,MiamiHeat,PortlandTrailBlazers,17485,203.924465592734
623,OklahomaCityThunder,PortlandTrailBlazers,17485,212.607875497511
624,TorontoRaptors,PortlandTrailBlazers,17485,205.102467057032
625,PhoenixSuns,PortlandTrailBlazers,17485,223.92577794396
626,SacramentoKings,PortlandTrailBlazers,17485,200.091982715737
627,HoustonRockets,PortlandTrailBlazers,17485,200.523236532534
628,MilwaukeeBucks,PortlandTrailBlazers,17485,216.0564955541
629,OrlandoMagic,PortlandTrailBlazers,17485,225.978090853982
630,BostonCeltics,PortlandTrailBlazers,17485,216.24067600646
631,DetroitPistons,MiamiHeat,17485,201.123985681368
632,ClevelandCavaliers,MiamiHeat,17485,200.914920057085
633,NewOrleansPelicans,MiamiHeat,17485,207.492020332002
634,WashingtonWizards,MiamiHeat,17485,206.330728233969
635,PhiladelphiaErs,MiamiHeat,17485,206.612875233267
636,ChicagoBulls,MiamiHeat,17485,199.452604278223
637,UtahJazz,MiamiHeat,17485,199.796122561911
638,CharlotteHornets,MiamiHeat,17485,208.140257143962
639,IndianaPacers,MiamiHeat,17485,190.290686261472
640,DenverNuggets,MiamiHeat,17485,194.688811721485
641,NewYorkKnicks,MiamiHeat,17485,195.524876417812
642,SanAntonioSpurs,MiamiHeat,17485,192.924559407295
643,DallasMavericks,MiamiHeat,17485,189.193132201578
644,LosAngelesClippers,MiamiHeat,17485,205.539588949253
645,MinnesotaTimberwolves,MiamiHeat,17485,201.417436529479
646,MemphisGrizzlies,MiamiHeat,17485,186.507730936941
647,AtlantaHawks,MiamiHeat,17485,194.27943347432
648,BrooklynNets,MiamiHeat,17485,200.806890363183
649,GoldenStateWarriors,MiamiHeat,17485,191.783828696129
650,LosAngelesLakers,MiamiHeat,17485,208.561028970478
651,PortlandTrailBlazers,MiamiHeat,17485,204.176610089719
652,MiamiHeat,MiamiHeat,17485,189.41478281994
653,OklahomaCityThunder,MiamiHeat,17485,213.855698641325
654,TorontoRaptors,MiamiHeat,17485,189.060545504028
655,PhoenixSuns,MiamiHeat,17485,198.532159791632
656,SacramentoKings,MiamiHeat,17485,208.675157754842
657,HoustonRockets,MiamiHeat,17485,188.040193518425
658,MilwaukeeBucks,MiamiHeat,17485,192.232204589817
659,OrlandoMagic,MiamiHeat,17485,202.496526032339
660,BostonCeltics,MiamiHeat,17485,199.469395267153
661,DetroitPistons,OklahomaCityThunder,17485,205.625486408881
662,ClevelandCavaliers,OklahomaCityThunder,17485,208.939685799457
663,NewOrleansPelicans,OklahomaCityThunder,17485,223.503452208754
664,WashingtonWizards,OklahomaCityThunder,17485,201.547372016817
665,PhiladelphiaErs,OklahomaCityThunder,17485,206.455488663997
666,ChicagoBulls,OklahomaCityThunder,17485,219.55089126367
667,UtahJazz,OklahomaCityThunder,17485,226.044462760974
668,CharlotteHornets,OklahomaCityThunder,17485,220.436280087513
669,IndianaPacers,OklahomaCityThunder,17485,207.127986940946
670,DenverNuggets,OklahomaCityThunder,17485,218.52471074137
671,NewYorkKnicks,OklahomaCityThunder,17485,200.460435903382
672,SanAntonioSpurs,OklahomaCityThunder,17485,200.393973847847
673,DallasMavericks,OklahomaCityThunder,17485,209.943793283358
674,LosAngelesClippers,OklahomaCityThunder,17485,224.884927929578
675,MinnesotaTimberwolves,OklahomaCityThunder,17485,213.278706605869
676,MemphisGrizzlies,OklahomaCityThunder,17485,207.597150856323
677,AtlantaHawks,OklahomaCityThunder,17485,195.945362202055
678,BrooklynNets,OklahomaCityThunder,17485,220.256660294264
679,GoldenStateWarriors,OklahomaCityThunder,17485,194.63978490773
680,LosAngelesLakers,OklahomaCityThunder,17485,227.051743351914
681,PortlandTrailBlazers,OklahomaCityThunder,17485,220.845043334088
682,MiamiHeat,OklahomaCityThunder,17485,214.564068517679
683,OklahomaCityThunder,OklahomaCityThunder,17485,224.306673739117
684,TorontoRaptors,OklahomaCityThunder,17485,220.707832018249
685,PhoenixSuns,OklahomaCityThunder,17485,221.332280263611
686,SacramentoKings,OklahomaCityThunder,17485,217.338200634542
687,HoustonRockets,OklahomaCityThunder,17485,193.3767267182
688,MilwaukeeBucks,OklahomaCityThunder,17485,215.108396692046
689,OrlandoMagic,OklahomaCityThunder,17485,223.028985800889
690,BostonCeltics,OklahomaCityThunder,17485,202.567056101523
691,DetroitPistons,TorontoRaptors,17485,194.019293671621
692,ClevelandCavaliers,TorontoRaptors,17485,210.821885016012
693,NewOrleansPelicans,TorontoRaptors,17485,202.430624768929
694,WashingtonWizards,TorontoRaptors,17485,191.791160109213
695,PhiladelphiaErs,TorontoRaptors,17485,208.280511387291
696,ChicagoBulls,TorontoRaptors,17485,198.968212969677
697,UtahJazz,TorontoRaptors,17485,199.988708385184
698,CharlotteHornets,TorontoRaptors,17485,204.511894133786
699,IndianaPacers,TorontoRaptors,17485,192.796656006738
700,DenverNuggets,TorontoRaptors,17485,203.338838523237
701,NewYorkKnicks,TorontoRaptors,17485,202.678609501819
702,SanAntonioSpurs,TorontoRaptors,17485,195.783293013665
703,DallasMavericks,TorontoRaptors,17485,191.958619124559
704,LosAngelesClippers,TorontoRaptors,17485,200.123886207221
705,MinnesotaTimberwolves,TorontoRaptors,17485,212.466899850674
706,MemphisGrizzlies,TorontoRaptors,17485,196.507967655762
707,AtlantaHawks,TorontoRaptors,17485,208.475514643056
708,BrooklynNets,TorontoRaptors,17485,201.052933347823
709,GoldenStateWarriors,TorontoRaptors,17485,195.535314477071
710,LosAngelesLakers,TorontoRaptors,17485,196.144673040992
711,PortlandTrailBlazers,TorontoRaptors,17485,199.154319667233
712,MiamiHeat,TorontoRaptors,17485,204.318793326513
713,OklahomaCityThunder,TorontoRaptors,17485,215.590921637671
714,TorontoRaptors,TorontoRaptors,17485,197.738572201206
715,PhoenixSuns,TorontoRaptors,17485,216.835313910941
716,SacramentoKings,TorontoRaptors,17485,205.996228780228
717,HoustonRockets,TorontoRaptors,17485,195.095175952669
718,MilwaukeeBucks,TorontoRaptors,17485,204.994620065669
719,OrlandoMagic,TorontoRaptors,17485,221.832506119059
720,BostonCeltics,TorontoRaptors,17485,192.07006900849
721,DetroitPistons,PhoenixSuns,17485,200.242678501144
722,ClevelandCavaliers,PhoenixSuns,17485,216.383276717589
723,NewOrleansPelicans,PhoenixSuns,17485,220.798112736074
724,WashingtonWizards,PhoenixSuns,17485,202.671193483484
725,PhiladelphiaErs,PhoenixSuns,17485,216.056746022692
726,ChicagoBulls,PhoenixSuns,17485,223.761207883889
727,UtahJazz,PhoenixSuns,17485,224.333407863189
728,CharlotteHornets,PhoenixSuns,17485,224.940418116475
729,IndianaPacers,PhoenixSuns,17485,212.150430566603
730,DenverNuggets,PhoenixSuns,17485,214.637168965963
731,NewYorkKnicks,PhoenixSuns,17485,208.796479189939
732,SanAntonioSpurs,PhoenixSuns,17485,201.093740217558
733,DallasMavericks,PhoenixSuns,17485,195.622146792748
734,LosAngelesClippers,PhoenixSuns,17485,226.394505415355
735,MinnesotaTimberwolves,PhoenixSuns,17485,219.763938090585
736,MemphisGrizzlies,PhoenixSuns,17485,207.579684207584
737,AtlantaHawks,PhoenixSuns,17485,214.987550808565
738,BrooklynNets,PhoenixSuns,17485,220.57184363335
739,GoldenStateWarriors,PhoenixSuns,17485,216.182404802269
740,LosAngelesLakers,PhoenixSuns,17485,197.147874520462
741,PortlandTrailBlazers,PhoenixSuns,17485,216.595763740824
742,MiamiHeat,PhoenixSuns,17485,217.329799787049
743,OklahomaCityThunder,PhoenixSuns,17485,232.923616443363
744,TorontoRaptors,PhoenixSuns,17485,209.838566594002
745,PhoenixSuns,PhoenixSuns,17485,225.431544956657
746,SacramentoKings,PhoenixSuns,17485,208.933370291202
747,HoustonRockets,PhoenixSuns,17485,194.625868268994
748,MilwaukeeBucks,PhoenixSuns,17485,219.434691307503
749,OrlandoMagic,PhoenixSuns,17485,234.832092079177
750,BostonCeltics,PhoenixSuns,17485,207.135338253007
751,DetroitPistons,SacramentoKings,17485,204.859940932258
752,ClevelandCavaliers,SacramentoKings,17485,218.330953492528
753,NewOrleansPelicans,SacramentoKings,17485,213.817467063388
754,WashingtonWizards,SacramentoKings,17485,218.027579313949
755,PhiladelphiaErs,SacramentoKings,17485,222.407031851965
756,ChicagoBulls,SacramentoKings,17485,210.377580351269
757,UtahJazz,SacramentoKings,17485,215.714368441469
758,CharlotteHornets,SacramentoKings,17485,211.568321787295
759,IndianaPacers,SacramentoKings,17485,208.438876457028
760,DenverNuggets,SacramentoKings,17485,202.591843391764
761,NewYorkKnicks,SacramentoKings,17485,209.635992802384
762,SanAntonioSpurs,SacramentoKings,17485,208.545597699907
763,DallasMavericks,SacramentoKings,17485,203.619222773391
764,LosAngelesClippers,SacramentoKings,17485,212.12385886206
765,MinnesotaTimberwolves,SacramentoKings,17485,215.111262853653
766,MemphisGrizzlies,SacramentoKings,17485,205.785113847361
767,AtlantaHawks,SacramentoKings,17485,205.494853485781
768,BrooklynNets,SacramentoKings,17485,209.659692833459
769,GoldenStateWarriors,SacramentoKings,17485,211.719953269899
770,LosAngelesLakers,SacramentoKings,17485,199.404141147861
771,PortlandTrailBlazers,SacramentoKings,17485,223.622234178664
772,MiamiHeat,SacramentoKings,17485,219.802060081636
773,OklahomaCityThunder,SacramentoKings,17485,214.020333317207
774,TorontoRaptors,SacramentoKings,17485,198.247422089069
775,PhoenixSuns,SacramentoKings,17485,212.716383306297
776,SacramentoKings,SacramentoKings,17485,202.607437704167
777,HoustonRockets,SacramentoKings,17485,195.529088565977
778,MilwaukeeBucks,SacramentoKings,17485,208.17692096547
779,OrlandoMagic,SacramentoKings,17485,214.474081607282
780,BostonCeltics,SacramentoKings,17485,212.172715829783
781,DetroitPistons,HoustonRockets,17485,212.233133413545
782,ClevelandCavaliers,HoustonRockets,17485,222.613385217767
783,NewOrleansPelicans,HoustonRockets,17485,224.836321236226
784,WashingtonWizards,HoustonRockets,17485,227.995691426237
785,PhiladelphiaErs,HoustonRockets,17485,220.710101762271
786,ChicagoBulls,HoustonRockets,17485,225.879547702491
787,UtahJazz,HoustonRockets,17485,225.648777105198
788,CharlotteHornets,HoustonRockets,17485,222.158749624561
789,IndianaPacers,HoustonRockets,17485,215.219353753197
790,DenverNuggets,HoustonRockets,17485,226.180726344686
791,NewYorkKnicks,HoustonRockets,17485,226.238418882173
792,SanAntonioSpurs,HoustonRockets,17485,214.019785975286
793,DallasMavericks,HoustonRockets,17485,205.988157464372
794,LosAngelesClippers,HoustonRockets,17485,217.294534322115
795,MinnesotaTimberwolves,HoustonRockets,17485,223.447701723938
796,MemphisGrizzlies,HoustonRockets,17485,204.322578989475
797,AtlantaHawks,HoustonRockets,17485,208.944515538075
798,BrooklynNets,HoustonRockets,17485,218.504640120629
799,GoldenStateWarriors,HoustonRockets,17485,210.795589803817
800,LosAngelesLakers,HoustonRockets,17485,207.2016736155
801,PortlandTrailBlazers,HoustonRockets,17485,224.462942615855
802,MiamiHeat,HoustonRockets,17485,214.064607214878
803,OklahomaCityThunder,HoustonRockets,17485,217.991974962475
804,TorontoRaptors,HoustonRockets,17485,217.812920689416
805,PhoenixSuns,HoustonRockets,17485,221.248408081178
806,SacramentoKings,HoustonRockets,17485,214.058877899753
807,HoustonRockets,HoustonRockets,17485,207.67005933382
808,MilwaukeeBucks,HoustonRockets,17485,217.987898495966
809,OrlandoMagic,HoustonRockets,17485,219.939215738676
810,BostonCeltics,HoustonRockets,17485,210.630856789573
811,DetroitPistons,MilwaukeeBucks,17485,208.764674161415
812,ClevelandCavaliers,MilwaukeeBucks,17485,215.058225831806
813,NewOrleansPelicans,MilwaukeeBucks,17485,218.488095990778
814,WashingtonWizards,MilwaukeeBucks,17485,202.192480998579
815,PhiladelphiaErs,MilwaukeeBucks,17485,201.507421219039
816,ChicagoBulls,MilwaukeeBucks,17485,202.084574949258
817,UtahJazz,MilwaukeeBucks,17485,217.195804378733
818,CharlotteHornets,MilwaukeeBucks,17485,212.014040248739
819,IndianaPacers,MilwaukeeBucks,17485,207.649617410597
820,DenverNuggets,MilwaukeeBucks,17485,199.221184350652
821,NewYorkKnicks,MilwaukeeBucks,17485,197.69311395785
822,SanAntonioSpurs,MilwaukeeBucks,17485,191.498225170118
823,DallasMavericks,MilwaukeeBucks,17485,187.529517914727
824,LosAngelesClippers,MilwaukeeBucks,17485,211.753929320319
825,MinnesotaTimberwolves,MilwaukeeBucks,17485,202.366417302799
826,MemphisGrizzlies,MilwaukeeBucks,17485,196.020569315369
827,AtlantaHawks,MilwaukeeBucks,17485,197.955271793765
828,BrooklynNets,MilwaukeeBucks,17485,209.531845132328
829,GoldenStateWarriors,MilwaukeeBucks,17485,195.899223351584
830,LosAngelesLakers,MilwaukeeBucks,17485,203.423853807881
831,PortlandTrailBlazers,MilwaukeeBucks,17485,213.397852481711
832,MiamiHeat,MilwaukeeBucks,17485,207.751123623036
833,OklahomaCityThunder,MilwaukeeBucks,17485,208.283674932455
834,TorontoRaptors,MilwaukeeBucks,17485,198.570099448624
835,PhoenixSuns,MilwaukeeBucks,17485,217.387999316421
836,SacramentoKings,MilwaukeeBucks,17485,207.459141261916
837,HoustonRockets,MilwaukeeBucks,17485,186.3494977735
838,MilwaukeeBucks,MilwaukeeBucks,17485,214.302710597413
839,OrlandoMagic,MilwaukeeBucks,17485,217.81402186661
840,BostonCeltics,MilwaukeeBucks,17485,189.378177336243
841,DetroitPistons,OrlandoMagic,17485,211.214448699229
842,ClevelandCavaliers,OrlandoMagic,17485,209.577505594254
843,NewOrleansPelicans,OrlandoMagic,17485,219.529964805796
844,WashingtonWizards,OrlandoMagic,17485,204.498787650672
845,PhiladelphiaErs,OrlandoMagic,17485,208.973033017625
846,ChicagoBulls,OrlandoMagic,17485,214.101654985896
847,UtahJazz,OrlandoMagic,17485,210.980523537934
848,CharlotteHornets,OrlandoMagic,17485,217.828888650748
849,IndianaPacers,OrlandoMagic,17485,196.955964071248
850,DenverNuggets,OrlandoMagic,17485,218.416332887502
851,NewYorkKnicks,OrlandoMagic,17485,204.687581464179
852,SanAntonioSpurs,OrlandoMagic,17485,195.417812841888
853,DallasMavericks,OrlandoMagic,17485,206.870981959716
854,LosAngelesClippers,OrlandoMagic,17485,216.002419979606
855,MinnesotaTimberwolves,OrlandoMagic,17485,207.283136316393
856,MemphisGrizzlies,OrlandoMagic,17485,200.114744692359
857,AtlantaHawks,OrlandoMagic,17485,194.947953561465
858,BrooklynNets,OrlandoMagic,17485,216.73727152964
859,GoldenStateWarriors,OrlandoMagic,17485,202.344989937725
860,LosAngelesLakers,OrlandoMagic,17485,207.210141128051
861,PortlandTrailBlazers,OrlandoMagic,17485,209.183585550533
862,MiamiHeat,OrlandoMagic,17485,210.692622603261
863,OklahomaCityThunder,OrlandoMagic,17485,225.238267475755
864,TorontoRaptors,OrlandoMagic,17485,207.1281903182
865,PhoenixSuns,OrlandoMagic,17485,209.263590566101
866,SacramentoKings,OrlandoMagic,17485,208.105834031498
867,HoustonRockets,OrlandoMagic,17485,202.177119218147
868,MilwaukeeBucks,OrlandoMagic,17485,222.696394500464
869,OrlandoMagic,OrlandoMagic,17485,221.370318754624
870,BostonCeltics,OrlandoMagic,17485,219.824889092964
871,DetroitPistons,BostonCeltics,17485,207.77646634924
872,ClevelandCavaliers,BostonCeltics,17485,220.500686175019
873,NewOrleansPelicans,BostonCeltics,17485,210.516031054324
874,WashingtonWizards,BostonCeltics,17485,204.266286216829
875,PhiladelphiaErs,BostonCeltics,17485,207.464457041409
876,ChicagoBulls,BostonCeltics,17485,218.883999492204
877,UtahJazz,BostonCeltics,17485,209.402420148943
878,CharlotteHornets,BostonCeltics,17485,208.303480140176
879,IndianaPacers,BostonCeltics,17485,204.409128901981
880,DenverNuggets,BostonCeltics,17485,210.536146575381
881,NewYorkKnicks,BostonCeltics,17485,208.713096997153
882,SanAntonioSpurs,BostonCeltics,17485,207.367696863552
883,DallasMavericks,BostonCeltics,17485,213.613997999037
884,LosAngelesClippers,BostonCeltics,17485,208.796221489478
885,MinnesotaTimberwolves,BostonCeltics,17485,213.928143234427
886,MemphisGrizzlies,BostonCeltics,17485,206.814285657968
887,AtlantaHawks,BostonCeltics,17485,199.541209890908
888,BrooklynNets,BostonCeltics,17485,218.08476759349
889,GoldenStateWarriors,BostonCeltics,17485,204.364389780583
890,LosAngelesLakers,BostonCeltics,17485,207.100619396148
891,PortlandTrailBlazers,BostonCeltics,17485,204.37902534776
892,MiamiHeat,BostonCeltics,17485,205.89339046618
893,OklahomaCityThunder,BostonCeltics,17485,211.780627405036
894,TorontoRaptors,BostonCeltics,17485,211.572909447379
895,PhoenixSuns,BostonCeltics,17485,216.352719652467
896,SacramentoKings,BostonCeltics,17485,208.254571495232
897,HoustonRockets,BostonCeltics,17485,204.235157694349
898,MilwaukeeBucks,BostonCeltics,17485,199.641005185112
899,OrlandoMagic,BostonCeltics,17485,207.61779502636
900,BostonCeltics,BostonCeltics,17485,202.899821165614
